-- MySQL dump 10.13  Distrib 8.0.33, for Win64 (x86_64)
--
-- Host: localhost    Database: busdb
-- ------------------------------------------------------
-- Server version	8.0.33

/*!40101 SET @OLD_CHARACTER_SET_CLIENT=@@CHARACTER_SET_CLIENT */;
/*!40101 SET @OLD_CHARACTER_SET_RESULTS=@@CHARACTER_SET_RESULTS */;
/*!40101 SET @OLD_COLLATION_CONNECTION=@@COLLATION_CONNECTION */;
/*!50503 SET NAMES utf8 */;
/*!40103 SET @OLD_TIME_ZONE=@@TIME_ZONE */;
/*!40103 SET TIME_ZONE='+00:00' */;
/*!40014 SET @OLD_UNIQUE_CHECKS=@@UNIQUE_CHECKS, UNIQUE_CHECKS=0 */;
/*!40014 SET @OLD_FOREIGN_KEY_CHECKS=@@FOREIGN_KEY_CHECKS, FOREIGN_KEY_CHECKS=0 */;
/*!40101 SET @OLD_SQL_MODE=@@SQL_MODE, SQL_MODE='NO_AUTO_VALUE_ON_ZERO' */;
/*!40111 SET @OLD_SQL_NOTES=@@SQL_NOTES, SQL_NOTES=0 */;

--
-- Table structure for table `bus_station_buscompany`
--

DROP TABLE IF EXISTS `bus_station_buscompany`;
/*!40101 SET @saved_cs_client     = @@character_set_client */;
/*!50503 SET character_set_client = utf8mb4 */;
CREATE TABLE `bus_station_buscompany` (
  `id` bigint NOT NULL AUTO_INCREMENT,
  `name` varchar(255) COLLATE utf8mb4_unicode_ci NOT NULL,
  `avatar` varchar(255) COLLATE utf8mb4_unicode_ci NOT NULL,
  `phone` varchar(50) COLLATE utf8mb4_unicode_ci NOT NULL,
  `is_verified` tinyint(1) NOT NULL,
  `operation_cost` double NOT NULL,
  `is_active` tinyint(1) NOT NULL,
  `email` varchar(254) COLLATE utf8mb4_unicode_ci NOT NULL,
  `created_at` datetime(6) NOT NULL,
  `manager_id` bigint NOT NULL,
  PRIMARY KEY (`id`),
  UNIQUE KEY `name` (`name`),
  UNIQUE KEY `email` (`email`),
  UNIQUE KEY `manager_id` (`manager_id`),
  CONSTRAINT `bus_station_buscompa_manager_id_bda1b62b_fk_bus_stati` FOREIGN KEY (`manager_id`) REFERENCES `bus_station_user` (`id`)
) ENGINE=InnoDB AUTO_INCREMENT=30 DEFAULT CHARSET=utf8mb4 COLLATE=utf8mb4_unicode_ci;
/*!40101 SET character_set_client = @saved_cs_client */;

--
-- Dumping data for table `bus_station_buscompany`
--

LOCK TABLES `bus_station_buscompany` WRITE;
/*!40000 ALTER TABLE `bus_station_buscompany` DISABLE KEYS */;
INSERT INTO `bus_station_buscompany` VALUES (1,'Mr. Andre Perry','https://cdn.dribbble.com/users/3367729/screenshots/6393911/db_minon.jpg?resize=400x300&vertical=center','001-367-967-8766x01502',1,0.2,1,'john92@gmail.com','2024-08-04 16:17:59.301999',1),(2,'Melissa Thomas','https://cdn.dribbble.com/users/3367729/screenshots/6393911/db_minon.jpg?resize=400x300&vertical=center','994.209.6193x218',1,0.2,1,'halerichard@gmail.com','2024-08-04 16:17:59.307028',5),(3,'Jeffrey Jones','https://cdn.dribbble.com/users/3367729/screenshots/6393911/db_minon.jpg?resize=400x300&vertical=center','+1-409-395-5522x0409',1,0.2,1,'maryquinn@gmail.com','2024-08-04 16:17:59.307028',6),(4,'Austin Ford','https://cdn.dribbble.com/users/3367729/screenshots/6393911/db_minon.jpg?resize=400x300&vertical=center','(738)906-4681x710',1,0.2,1,'patrickbarry@gmail.com','2024-08-04 16:17:59.307028',7),(5,'Patrick Turner','https://cdn.dribbble.com/users/3367729/screenshots/6393911/db_minon.jpg?resize=400x300&vertical=center','(853)921-1436x736',1,0.2,1,'bridget31@gmail.com','2024-08-04 16:17:59.312987',8),(6,'Brent Thomas','https://cdn.dribbble.com/users/3367729/screenshots/6393911/db_minon.jpg?resize=400x300&vertical=center','001-845-403-7034x1599',1,0.2,1,'wdougherty@gmail.com','2024-08-04 16:17:59.312987',9),(7,'Lisa Mcguire','https://cdn.dribbble.com/users/3367729/screenshots/6393911/db_minon.jpg?resize=400x300&vertical=center','(462)729-9114x7931',1,0.2,1,'debrapeterson@gmail.com','2024-08-04 16:17:59.316993',14),(8,'Kimberly Gonzalez','https://cdn.dribbble.com/users/3367729/screenshots/6393911/db_minon.jpg?resize=400x300&vertical=center','+1-961-553-1530x046',1,0.2,1,'carlfisher@gmail.com','2024-08-04 16:17:59.316993',16),(9,'Brian Diaz','https://cdn.dribbble.com/users/3367729/screenshots/6393911/db_minon.jpg?resize=400x300&vertical=center','(286)677-8897x97422',1,0.2,1,'greerwilliam@gmail.com','2024-08-04 16:17:59.316993',18),(10,'John Henry','https://cdn.dribbble.com/users/3367729/screenshots/6393911/db_minon.jpg?resize=400x300&vertical=center','916-852-1558',1,0.2,1,'candicerodgers@gmail.com','2024-08-04 16:17:59.316993',19),(11,'Kimberly Hernandez','https://cdn.dribbble.com/users/3367729/screenshots/6393911/db_minon.jpg?resize=400x300&vertical=center','(280)374-7953x866',1,0.2,1,'vargasbrittany@gmail.com','2024-08-04 16:17:59.316993',27),(12,'Candace Jennings','https://cdn.dribbble.com/users/3367729/screenshots/6393911/db_minon.jpg?resize=400x300&vertical=center','001-455-785-0599',1,0.2,1,'proctorjenna@gmail.com','2024-08-04 16:17:59.316993',28),(13,'Michelle Camacho','https://cdn.dribbble.com/users/3367729/screenshots/6393911/db_minon.jpg?resize=400x300&vertical=center','001-826-863-0160x4434',1,0.2,1,'sharon90@gmail.com','2024-08-04 16:17:59.316993',34),(14,'Alexander Yates','https://cdn.dribbble.com/users/3367729/screenshots/6393911/db_minon.jpg?resize=400x300&vertical=center','4573101635',1,0.2,1,'mmartinez@gmail.com','2024-08-04 16:17:59.326965',40),(15,'Seth Lopez','https://cdn.dribbble.com/users/3367729/screenshots/6393911/db_minon.jpg?resize=400x300&vertical=center','541-300-3651x07443',1,0.2,1,'tim23@gmail.com','2024-08-04 16:17:59.328990',41),(16,'Sean Macias','https://cdn.dribbble.com/users/3367729/screenshots/6393911/db_minon.jpg?resize=400x300&vertical=center','(847)686-9537',1,0.2,1,'courtneydickson@gmail.com','2024-08-04 16:17:59.328990',51),(17,'Susan Phelps','https://cdn.dribbble.com/users/3367729/screenshots/6393911/db_minon.jpg?resize=400x300&vertical=center','349-776-0502x769',1,0.2,1,'laurataylor@gmail.com','2024-08-04 16:17:59.328990',52),(18,'Yesenia Mitchell','https://cdn.dribbble.com/users/3367729/screenshots/6393911/db_minon.jpg?resize=400x300&vertical=center','+1-572-876-4818',1,0.2,1,'wbass@gmail.com','2024-08-04 16:17:59.328990',55),(19,'Robin Schroeder','https://cdn.dribbble.com/users/3367729/screenshots/6393911/db_minon.jpg?resize=400x300&vertical=center','(393)859-6274',1,0.2,1,'nicole95@gmail.com','2024-08-04 16:17:59.328990',61),(20,'Chelsea Martin','https://cdn.dribbble.com/users/3367729/screenshots/6393911/db_minon.jpg?resize=400x300&vertical=center','+1-691-989-7723',1,0.2,1,'danielduncan@gmail.com','2024-08-04 16:17:59.336998',62),(21,'Mark Rivera','https://cdn.dribbble.com/users/3367729/screenshots/6393911/db_minon.jpg?resize=400x300&vertical=center','+1-212-945-4484',1,0.2,1,'salazarann@gmail.com','2024-08-04 16:17:59.336998',70),(22,'Bryan Johnson','https://cdn.dribbble.com/users/3367729/screenshots/6393911/db_minon.jpg?resize=400x300&vertical=center','356.318.3062x0232',1,0.2,1,'katherinesmith@gmail.com','2024-08-04 16:17:59.336998',71),(23,'Becky Rodriguez','https://cdn.dribbble.com/users/3367729/screenshots/6393911/db_minon.jpg?resize=400x300&vertical=center','001-416-877-1437x5138',1,0.2,1,'mcphersonmichelle@gmail.com','2024-08-04 16:17:59.336998',72),(24,'Brian Blair','https://cdn.dribbble.com/users/3367729/screenshots/6393911/db_minon.jpg?resize=400x300&vertical=center','(608)971-1654',1,0.2,1,'esweeney@gmail.com','2024-08-04 16:17:59.336998',80),(25,'Jeffrey Bishop','https://cdn.dribbble.com/users/3367729/screenshots/6393911/db_minon.jpg?resize=400x300&vertical=center','(744)481-5670x40086',1,0.2,1,'robinsilva@gmail.com','2024-08-04 16:17:59.344861',84),(26,'Amber Potter','https://cdn.dribbble.com/users/3367729/screenshots/6393911/db_minon.jpg?resize=400x300&vertical=center','+1-282-756-5465x909',1,0.2,1,'rcopeland@gmail.com','2024-08-04 16:17:59.346870',86),(27,'Lauren Watts','https://cdn.dribbble.com/users/3367729/screenshots/6393911/db_minon.jpg?resize=400x300&vertical=center','997-951-5302x35120',1,0.2,1,'james62@gmail.com','2024-08-04 16:17:59.346870',87),(28,'Rickey Martinez','https://cdn.dribbble.com/users/3367729/screenshots/6393911/db_minon.jpg?resize=400x300&vertical=center','(712)860-4348x7317',1,0.2,1,'scollins@gmail.com','2024-08-04 16:17:59.346870',92),(29,'Justin Davenport','https://cdn.dribbble.com/users/3367729/screenshots/6393911/db_minon.jpg?resize=400x300&vertical=center','001-684-367-9404x676',1,0.2,1,'vhayes@gmail.com','2024-08-04 16:17:59.346870',93);
/*!40000 ALTER TABLE `bus_station_buscompany` ENABLE KEYS */;
UNLOCK TABLES;

--
-- Table structure for table `bus_station_car`
--

DROP TABLE IF EXISTS `bus_station_car`;
/*!40101 SET @saved_cs_client     = @@character_set_client */;
/*!50503 SET character_set_client = utf8mb4 */;
CREATE TABLE `bus_station_car` (
  `id` bigint NOT NULL AUTO_INCREMENT,
  `car_number` varchar(10) COLLATE utf8mb4_unicode_ci NOT NULL,
  `company_owner_id` bigint NOT NULL,
  PRIMARY KEY (`id`),
  KEY `bus_station_car_company_owner_id_a8753c45_fk_bus_stati` (`company_owner_id`),
  CONSTRAINT `bus_station_car_company_owner_id_a8753c45_fk_bus_stati` FOREIGN KEY (`company_owner_id`) REFERENCES `bus_station_buscompany` (`id`)
) ENGINE=InnoDB AUTO_INCREMENT=101 DEFAULT CHARSET=utf8mb4 COLLATE=utf8mb4_unicode_ci;
/*!40101 SET character_set_client = @saved_cs_client */;

--
-- Dumping data for table `bus_station_car`
--

LOCK TABLES `bus_station_car` WRITE;
/*!40000 ALTER TABLE `bus_station_car` DISABLE KEYS */;
INSERT INTO `bus_station_car` VALUES (1,'63296',8),(2,'75936',27),(3,'46932',20),(4,'71877',19),(5,'91647',6),(6,'41323',28),(7,'71426',25),(8,'84265',10),(9,'41662',21),(10,'48844',11),(11,'31192',12),(12,'55259',27),(13,'31323',28),(14,'70859',4),(15,'87486',27),(16,'91047',2),(17,'55135',14),(18,'31839',15),(19,'85905',7),(20,'58824',13),(21,'59894',26),(22,'37884',1),(23,'52565',7),(24,'32152',16),(25,'49815',24),(26,'75405',25),(27,'39119',3),(28,'26899',28),(29,'66641',10),(30,'94473',27),(31,'73695',26),(32,'76180',20),(33,'22385',5),(34,'22917',2),(35,'41083',13),(36,'56907',22),(37,'61631',11),(38,'74242',4),(39,'97646',18),(40,'63404',16),(41,'60284',25),(42,'28464',4),(43,'78243',16),(44,'79954',19),(45,'31498',22),(46,'93219',28),(47,'73069',29),(48,'37178',1),(49,'76127',2),(50,'15491',28),(51,'32945',6),(52,'25703',13),(53,'18605',23),(54,'69871',23),(55,'76478',28),(56,'91159',8),(57,'56623',9),(58,'34154',15),(59,'57588',27),(60,'38097',29),(61,'19217',3),(62,'65489',2),(63,'32526',9),(64,'43327',17),(65,'85491',24),(66,'81833',9),(67,'75489',25),(68,'72009',25),(69,'54058',28),(70,'12221',10),(71,'23405',19),(72,'11143',19),(73,'55168',11),(74,'40729',8),(75,'74130',13),(76,'10092',4),(77,'15465',3),(78,'15200',22),(79,'60031',7),(80,'69164',17),(81,'73387',25),(82,'52972',4),(83,'71665',1),(84,'32979',4),(85,'89294',6),(86,'92356',12),(87,'51447',11),(88,'19652',7),(89,'99805',5),(90,'22091',26),(91,'38572',3),(92,'12676',2),(93,'89239',3),(94,'63958',7),(95,'85051',5),(96,'99302',13),(97,'73448',23),(98,'48019',28),(99,'19723',3),(100,'68616',6);
/*!40000 ALTER TABLE `bus_station_car` ENABLE KEYS */;
UNLOCK TABLES;

--
-- Table structure for table `bus_station_configuration`
--

DROP TABLE IF EXISTS `bus_station_configuration`;
/*!40101 SET @saved_cs_client     = @@character_set_client */;
/*!50503 SET character_set_client = utf8mb4 */;
CREATE TABLE `bus_station_configuration` (
  `id` bigint NOT NULL AUTO_INCREMENT,
  `default_operation_cost` double NOT NULL,
  `jwt_expiration_duration` int NOT NULL,
  `max_carryOn_cargo_kg` int NOT NULL,
  PRIMARY KEY (`id`)
) ENGINE=InnoDB AUTO_INCREMENT=2 DEFAULT CHARSET=utf8mb4 COLLATE=utf8mb4_unicode_ci;
/*!40101 SET character_set_client = @saved_cs_client */;

--
-- Dumping data for table `bus_station_configuration`
--

LOCK TABLES `bus_station_configuration` WRITE;
/*!40000 ALTER TABLE `bus_station_configuration` DISABLE KEYS */;
INSERT INTO `bus_station_configuration` VALUES (1,0.2,3600000,20);
/*!40000 ALTER TABLE `bus_station_configuration` ENABLE KEYS */;
UNLOCK TABLES;

--
-- Table structure for table `bus_station_paymentmethod`
--

DROP TABLE IF EXISTS `bus_station_paymentmethod`;
/*!40101 SET @saved_cs_client     = @@character_set_client */;
/*!50503 SET character_set_client = utf8mb4 */;
CREATE TABLE `bus_station_paymentmethod` (
  `id` bigint NOT NULL AUTO_INCREMENT,
  `name` varchar(10) COLLATE utf8mb4_unicode_ci NOT NULL,
  PRIMARY KEY (`id`)
) ENGINE=InnoDB AUTO_INCREMENT=4 DEFAULT CHARSET=utf8mb4 COLLATE=utf8mb4_unicode_ci;
/*!40101 SET character_set_client = @saved_cs_client */;

--
-- Dumping data for table `bus_station_paymentmethod`
--

LOCK TABLES `bus_station_paymentmethod` WRITE;
/*!40000 ALTER TABLE `bus_station_paymentmethod` DISABLE KEYS */;
INSERT INTO `bus_station_paymentmethod` VALUES (1,'CASH'),(2,'VNPAY'),(3,'MOMO');
/*!40000 ALTER TABLE `bus_station_paymentmethod` ENABLE KEYS */;
UNLOCK TABLES;

--
-- Table structure for table `bus_station_review`
--

DROP TABLE IF EXISTS `bus_station_review`;
/*!40101 SET @saved_cs_client     = @@character_set_client */;
/*!50503 SET character_set_client = utf8mb4 */;
CREATE TABLE `bus_station_review` (
  `id` bigint NOT NULL AUTO_INCREMENT,
  `comment` longtext COLLATE utf8mb4_unicode_ci NOT NULL,
  `stars` int NOT NULL,
  `created_at` datetime(6) NOT NULL,
  `company_id` bigint NOT NULL,
  `ticket_id` bigint NOT NULL,
  PRIMARY KEY (`id`),
  KEY `bus_station_review_company_id_0d496b4c_fk_bus_stati` (`company_id`),
  KEY `bus_station_review_ticket_id_37e3e16c_fk_bus_station_ticket_id` (`ticket_id`),
  CONSTRAINT `bus_station_review_company_id_0d496b4c_fk_bus_stati` FOREIGN KEY (`company_id`) REFERENCES `bus_station_buscompany` (`id`),
  CONSTRAINT `bus_station_review_ticket_id_37e3e16c_fk_bus_station_ticket_id` FOREIGN KEY (`ticket_id`) REFERENCES `bus_station_ticket` (`id`)
) ENGINE=InnoDB DEFAULT CHARSET=utf8mb4 COLLATE=utf8mb4_unicode_ci;
/*!40101 SET character_set_client = @saved_cs_client */;

--
-- Dumping data for table `bus_station_review`
--

LOCK TABLES `bus_station_review` WRITE;
/*!40000 ALTER TABLE `bus_station_review` DISABLE KEYS */;
/*!40000 ALTER TABLE `bus_station_review` ENABLE KEYS */;
UNLOCK TABLES;

--
-- Table structure for table `bus_station_role`
--

DROP TABLE IF EXISTS `bus_station_role`;
/*!40101 SET @saved_cs_client     = @@character_set_client */;
/*!50503 SET character_set_client = utf8mb4 */;
CREATE TABLE `bus_station_role` (
  `id` bigint NOT NULL AUTO_INCREMENT,
  `name` varchar(50) COLLATE utf8mb4_unicode_ci NOT NULL,
  PRIMARY KEY (`id`)
) ENGINE=InnoDB AUTO_INCREMENT=4 DEFAULT CHARSET=utf8mb4 COLLATE=utf8mb4_unicode_ci;
/*!40101 SET character_set_client = @saved_cs_client */;

--
-- Dumping data for table `bus_station_role`
--

LOCK TABLES `bus_station_role` WRITE;
/*!40000 ALTER TABLE `bus_station_role` DISABLE KEYS */;
INSERT INTO `bus_station_role` VALUES (1,'USER'),(2,'ADMIN'),(3,'COMPANY_MANGER');
/*!40000 ALTER TABLE `bus_station_role` ENABLE KEYS */;
UNLOCK TABLES;

--
-- Table structure for table `bus_station_route`
--

DROP TABLE IF EXISTS `bus_station_route`;
/*!40101 SET @saved_cs_client     = @@character_set_client */;
/*!50503 SET character_set_client = utf8mb4 */;
CREATE TABLE `bus_station_route` (
  `id` bigint NOT NULL AUTO_INCREMENT,
  `name` varchar(255) COLLATE utf8mb4_unicode_ci NOT NULL,
  `is_active` tinyint(1) NOT NULL,
  `created_at` datetime(6) NOT NULL,
  `company_id` bigint NOT NULL,
  `from_station_id` bigint NOT NULL,
  `to_station_id` bigint NOT NULL,
  PRIMARY KEY (`id`),
  UNIQUE KEY `name` (`name`),
  KEY `bus_station_route_from_station_id_b5eeef90_fk_bus_stati` (`from_station_id`),
  KEY `bus_station_route_to_station_id_cf57355f_fk_bus_stati` (`to_station_id`),
  KEY `bus_station_route_company_id_ee7544d1_fk_bus_stati` (`company_id`),
  CONSTRAINT `bus_station_route_company_id_ee7544d1_fk_bus_stati` FOREIGN KEY (`company_id`) REFERENCES `bus_station_buscompany` (`id`),
  CONSTRAINT `bus_station_route_from_station_id_b5eeef90_fk_bus_stati` FOREIGN KEY (`from_station_id`) REFERENCES `bus_station_station` (`id`),
  CONSTRAINT `bus_station_route_to_station_id_cf57355f_fk_bus_stati` FOREIGN KEY (`to_station_id`) REFERENCES `bus_station_station` (`id`)
) ENGINE=InnoDB AUTO_INCREMENT=30 DEFAULT CHARSET=utf8mb4 COLLATE=utf8mb4_unicode_ci;
/*!40101 SET character_set_client = @saved_cs_client */;

--
-- Dumping data for table `bus_station_route`
--

LOCK TABLES `bus_station_route` WRITE;
/*!40000 ALTER TABLE `bus_station_route` DISABLE KEYS */;
INSERT INTO `bus_station_route` VALUES (1,'Hà Nội-Hồ Chí Minh-6067',1,'2024-08-04 16:18:07.410057',1,3,2),(2,'Hà Nội-Hồ Chí Minh-7531',1,'2024-08-04 16:18:07.413058',2,3,2),(3,'Hà Nội-Hồ Chí Minh-7166',1,'2024-08-04 16:18:07.415058',3,3,2),(4,'Hà Nội-Hồ Chí Minh-1981',1,'2024-08-04 16:18:07.417056',4,3,2),(5,'Hà Nội-Hồ Chí Minh-1053',1,'2024-08-04 16:18:07.419089',5,3,2),(6,'Hà Nội-Hồ Chí Minh-2389',1,'2024-08-04 16:18:07.422090',6,3,2),(7,'Hà Nội-Hồ Chí Minh-9651',1,'2024-08-04 16:18:07.424089',7,3,2),(8,'Hà Nội-Hồ Chí Minh-3459',1,'2024-08-04 16:18:07.426102',8,3,2),(9,'Hà Nội-Hồ Chí Minh-7983',1,'2024-08-04 16:18:07.428126',9,3,2),(10,'Hà Nội-Hồ Chí Minh-3156',1,'2024-08-04 16:18:07.431126',10,3,2),(11,'Hà Nội-Hồ Chí Minh-6188',1,'2024-08-04 16:18:07.433187',11,3,2),(12,'Hà Nội-Hồ Chí Minh-5688',1,'2024-08-04 16:18:07.435175',12,3,2),(13,'Hà Nội-Hồ Chí Minh-4720',1,'2024-08-04 16:18:07.437684',13,3,2),(14,'Hà Nội-Hồ Chí Minh-5893',1,'2024-08-04 16:18:07.439685',14,3,2),(15,'Hà Nội-Hồ Chí Minh-7181',1,'2024-08-04 16:18:07.442722',15,3,2),(16,'Hà Nội-Hồ Chí Minh-7544',1,'2024-08-04 16:18:07.445761',16,3,2),(17,'Hà Nội-Hồ Chí Minh-2195',1,'2024-08-04 16:18:07.477047',17,3,2),(18,'Hà Nội-Hồ Chí Minh-2038',1,'2024-08-04 16:18:07.483567',18,3,2),(19,'Hà Nội-Hồ Chí Minh-2045',1,'2024-08-04 16:18:07.492084',19,3,2),(20,'Hà Nội-Hồ Chí Minh-5815',1,'2024-08-04 16:18:07.496081',20,3,2),(21,'Hà Nội-Hồ Chí Minh-9180',1,'2024-08-04 16:18:07.499204',21,3,2),(22,'Hà Nội-Hồ Chí Minh-9947',1,'2024-08-04 16:18:07.501270',22,3,2),(23,'Hà Nội-Hồ Chí Minh-1359',1,'2024-08-04 16:18:07.503847',23,3,2),(24,'Hà Nội-Hồ Chí Minh-4523',1,'2024-08-04 16:18:07.506794',24,3,2),(25,'Hà Nội-Hồ Chí Minh-7651',1,'2024-08-04 16:18:07.508902',25,3,2),(26,'Hà Nội-Hồ Chí Minh-4451',1,'2024-08-04 16:18:07.511904',26,3,2),(27,'Hà Nội-Hồ Chí Minh-2525',1,'2024-08-04 16:18:07.513903',27,3,2),(28,'Hà Nội-Hồ Chí Minh-3508',1,'2024-08-04 16:18:07.516913',28,3,2),(29,'Hà Nội-Hồ Chí Minh-8315',1,'2024-08-04 16:18:07.519442',29,3,2);
/*!40000 ALTER TABLE `bus_station_route` ENABLE KEYS */;
UNLOCK TABLES;

--
-- Table structure for table `bus_station_route_pick_up_points`
--

DROP TABLE IF EXISTS `bus_station_route_pick_up_points`;
/*!40101 SET @saved_cs_client     = @@character_set_client */;
/*!50503 SET character_set_client = utf8mb4 */;
CREATE TABLE `bus_station_route_pick_up_points` (
  `id` bigint NOT NULL AUTO_INCREMENT,
  `route_id` bigint NOT NULL,
  `station_id` bigint NOT NULL,
  PRIMARY KEY (`id`),
  UNIQUE KEY `bus_station_route_pick_u_route_id_station_id_13c91c3b_uniq` (`route_id`,`station_id`),
  KEY `bus_station_route_pi_station_id_dd41912f_fk_bus_stati` (`station_id`),
  CONSTRAINT `bus_station_route_pi_route_id_854adc7b_fk_bus_stati` FOREIGN KEY (`route_id`) REFERENCES `bus_station_route` (`id`),
  CONSTRAINT `bus_station_route_pi_station_id_dd41912f_fk_bus_stati` FOREIGN KEY (`station_id`) REFERENCES `bus_station_station` (`id`)
) ENGINE=InnoDB AUTO_INCREMENT=30 DEFAULT CHARSET=utf8mb4 COLLATE=utf8mb4_unicode_ci;
/*!40101 SET character_set_client = @saved_cs_client */;

--
-- Dumping data for table `bus_station_route_pick_up_points`
--

LOCK TABLES `bus_station_route_pick_up_points` WRITE;
/*!40000 ALTER TABLE `bus_station_route_pick_up_points` DISABLE KEYS */;
INSERT INTO `bus_station_route_pick_up_points` VALUES (1,1,1),(2,2,1),(3,3,1),(4,4,1),(5,5,1),(6,6,1),(7,7,1),(8,8,1),(9,9,1),(10,10,1),(11,11,1),(12,12,1),(13,13,1),(14,14,1),(15,15,1),(16,16,1),(17,17,1),(18,18,1),(19,19,1),(20,20,1),(21,21,1),(22,22,1),(23,23,1),(24,24,1),(25,25,1),(26,26,1),(27,27,1),(28,28,1),(29,29,1);
/*!40000 ALTER TABLE `bus_station_route_pick_up_points` ENABLE KEYS */;
UNLOCK TABLES;

--
-- Table structure for table `bus_station_seat`
--

DROP TABLE IF EXISTS `bus_station_seat`;
/*!40101 SET @saved_cs_client     = @@character_set_client */;
/*!50503 SET character_set_client = utf8mb4 */;
CREATE TABLE `bus_station_seat` (
  `id` bigint NOT NULL AUTO_INCREMENT,
  `code` varchar(5) COLLATE utf8mb4_unicode_ci NOT NULL,
  `car_id` bigint NOT NULL,
  PRIMARY KEY (`id`),
  UNIQUE KEY `unique_car_seat` (`code`,`car_id`),
  KEY `bus_station_seat_car_id_808a9eed_fk_bus_station_car_id` (`car_id`),
  CONSTRAINT `bus_station_seat_car_id_808a9eed_fk_bus_station_car_id` FOREIGN KEY (`car_id`) REFERENCES `bus_station_car` (`id`)
) ENGINE=InnoDB AUTO_INCREMENT=5001 DEFAULT CHARSET=utf8mb4 COLLATE=utf8mb4_unicode_ci;
/*!40101 SET character_set_client = @saved_cs_client */;

--
-- Dumping data for table `bus_station_seat`
--

LOCK TABLES `bus_station_seat` WRITE;
/*!40000 ALTER TABLE `bus_station_seat` DISABLE KEYS */;
INSERT INTO `bus_station_seat` VALUES (1,'1',1),(51,'1',2),(101,'1',3),(151,'1',4),(201,'1',5),(251,'1',6),(301,'1',7),(351,'1',8),(401,'1',9),(451,'1',10),(501,'1',11),(551,'1',12),(601,'1',13),(651,'1',14),(701,'1',15),(751,'1',16),(801,'1',17),(851,'1',18),(901,'1',19),(951,'1',20),(1001,'1',21),(1051,'1',22),(1101,'1',23),(1151,'1',24),(1201,'1',25),(1251,'1',26),(1301,'1',27),(1351,'1',28),(1401,'1',29),(1451,'1',30),(1501,'1',31),(1551,'1',32),(1601,'1',33),(1651,'1',34),(1701,'1',35),(1751,'1',36),(1801,'1',37),(1851,'1',38),(1901,'1',39),(1951,'1',40),(2001,'1',41),(2051,'1',42),(2101,'1',43),(2151,'1',44),(2201,'1',45),(2251,'1',46),(2301,'1',47),(2351,'1',48),(2401,'1',49),(2451,'1',50),(2501,'1',51),(2551,'1',52),(2601,'1',53),(2651,'1',54),(2701,'1',55),(2751,'1',56),(2801,'1',57),(2851,'1',58),(2901,'1',59),(2951,'1',60),(3001,'1',61),(3051,'1',62),(3101,'1',63),(3151,'1',64),(3201,'1',65),(3251,'1',66),(3301,'1',67),(3351,'1',68),(3401,'1',69),(3451,'1',70),(3501,'1',71),(3551,'1',72),(3601,'1',73),(3651,'1',74),(3701,'1',75),(3751,'1',76),(3801,'1',77),(3851,'1',78),(3901,'1',79),(3951,'1',80),(4001,'1',81),(4051,'1',82),(4101,'1',83),(4151,'1',84),(4201,'1',85),(4251,'1',86),(4301,'1',87),(4351,'1',88),(4401,'1',89),(4451,'1',90),(4501,'1',91),(4551,'1',92),(4601,'1',93),(4651,'1',94),(4701,'1',95),(4751,'1',96),(4801,'1',97),(4851,'1',98),(4901,'1',99),(4951,'1',100),(10,'10',1),(60,'10',2),(110,'10',3),(160,'10',4),(210,'10',5),(260,'10',6),(310,'10',7),(360,'10',8),(410,'10',9),(460,'10',10),(510,'10',11),(560,'10',12),(610,'10',13),(660,'10',14),(710,'10',15),(760,'10',16),(810,'10',17),(860,'10',18),(910,'10',19),(960,'10',20),(1010,'10',21),(1060,'10',22),(1110,'10',23),(1160,'10',24),(1210,'10',25),(1260,'10',26),(1310,'10',27),(1360,'10',28),(1410,'10',29),(1460,'10',30),(1510,'10',31),(1560,'10',32),(1610,'10',33),(1660,'10',34),(1710,'10',35),(1760,'10',36),(1810,'10',37),(1860,'10',38),(1910,'10',39),(1960,'10',40),(2010,'10',41),(2060,'10',42),(2110,'10',43),(2160,'10',44),(2210,'10',45),(2260,'10',46),(2310,'10',47),(2360,'10',48),(2410,'10',49),(2460,'10',50),(2510,'10',51),(2560,'10',52),(2610,'10',53),(2660,'10',54),(2710,'10',55),(2760,'10',56),(2810,'10',57),(2860,'10',58),(2910,'10',59),(2960,'10',60),(3010,'10',61),(3060,'10',62),(3110,'10',63),(3160,'10',64),(3210,'10',65),(3260,'10',66),(3310,'10',67),(3360,'10',68),(3410,'10',69),(3460,'10',70),(3510,'10',71),(3560,'10',72),(3610,'10',73),(3660,'10',74),(3710,'10',75),(3760,'10',76),(3810,'10',77),(3860,'10',78),(3910,'10',79),(3960,'10',80),(4010,'10',81),(4060,'10',82),(4110,'10',83),(4160,'10',84),(4210,'10',85),(4260,'10',86),(4310,'10',87),(4360,'10',88),(4410,'10',89),(4460,'10',90),(4510,'10',91),(4560,'10',92),(4610,'10',93),(4660,'10',94),(4710,'10',95),(4760,'10',96),(4810,'10',97),(4860,'10',98),(4910,'10',99),(4960,'10',100),(11,'11',1),(61,'11',2),(111,'11',3),(161,'11',4),(211,'11',5),(261,'11',6),(311,'11',7),(361,'11',8),(411,'11',9),(461,'11',10),(511,'11',11),(561,'11',12),(611,'11',13),(661,'11',14),(711,'11',15),(761,'11',16),(811,'11',17),(861,'11',18),(911,'11',19),(961,'11',20),(1011,'11',21),(1061,'11',22),(1111,'11',23),(1161,'11',24),(1211,'11',25),(1261,'11',26),(1311,'11',27),(1361,'11',28),(1411,'11',29),(1461,'11',30),(1511,'11',31),(1561,'11',32),(1611,'11',33),(1661,'11',34),(1711,'11',35),(1761,'11',36),(1811,'11',37),(1861,'11',38),(1911,'11',39),(1961,'11',40),(2011,'11',41),(2061,'11',42),(2111,'11',43),(2161,'11',44),(2211,'11',45),(2261,'11',46),(2311,'11',47),(2361,'11',48),(2411,'11',49),(2461,'11',50),(2511,'11',51),(2561,'11',52),(2611,'11',53),(2661,'11',54),(2711,'11',55),(2761,'11',56),(2811,'11',57),(2861,'11',58),(2911,'11',59),(2961,'11',60),(3011,'11',61),(3061,'11',62),(3111,'11',63),(3161,'11',64),(3211,'11',65),(3261,'11',66),(3311,'11',67),(3361,'11',68),(3411,'11',69),(3461,'11',70),(3511,'11',71),(3561,'11',72),(3611,'11',73),(3661,'11',74),(3711,'11',75),(3761,'11',76),(3811,'11',77),(3861,'11',78),(3911,'11',79),(3961,'11',80),(4011,'11',81),(4061,'11',82),(4111,'11',83),(4161,'11',84),(4211,'11',85),(4261,'11',86),(4311,'11',87),(4361,'11',88),(4411,'11',89),(4461,'11',90),(4511,'11',91),(4561,'11',92),(4611,'11',93),(4661,'11',94),(4711,'11',95),(4761,'11',96),(4811,'11',97),(4861,'11',98),(4911,'11',99),(4961,'11',100),(12,'12',1),(62,'12',2),(112,'12',3),(162,'12',4),(212,'12',5),(262,'12',6),(312,'12',7),(362,'12',8),(412,'12',9),(462,'12',10),(512,'12',11),(562,'12',12),(612,'12',13),(662,'12',14),(712,'12',15),(762,'12',16),(812,'12',17),(862,'12',18),(912,'12',19),(962,'12',20),(1012,'12',21),(1062,'12',22),(1112,'12',23),(1162,'12',24),(1212,'12',25),(1262,'12',26),(1312,'12',27),(1362,'12',28),(1412,'12',29),(1462,'12',30),(1512,'12',31),(1562,'12',32),(1612,'12',33),(1662,'12',34),(1712,'12',35),(1762,'12',36),(1812,'12',37),(1862,'12',38),(1912,'12',39),(1962,'12',40),(2012,'12',41),(2062,'12',42),(2112,'12',43),(2162,'12',44),(2212,'12',45),(2262,'12',46),(2312,'12',47),(2362,'12',48),(2412,'12',49),(2462,'12',50),(2512,'12',51),(2562,'12',52),(2612,'12',53),(2662,'12',54),(2712,'12',55),(2762,'12',56),(2812,'12',57),(2862,'12',58),(2912,'12',59),(2962,'12',60),(3012,'12',61),(3062,'12',62),(3112,'12',63),(3162,'12',64),(3212,'12',65),(3262,'12',66),(3312,'12',67),(3362,'12',68),(3412,'12',69),(3462,'12',70),(3512,'12',71),(3562,'12',72),(3612,'12',73),(3662,'12',74),(3712,'12',75),(3762,'12',76),(3812,'12',77),(3862,'12',78),(3912,'12',79),(3962,'12',80),(4012,'12',81),(4062,'12',82),(4112,'12',83),(4162,'12',84),(4212,'12',85),(4262,'12',86),(4312,'12',87),(4362,'12',88),(4412,'12',89),(4462,'12',90),(4512,'12',91),(4562,'12',92),(4612,'12',93),(4662,'12',94),(4712,'12',95),(4762,'12',96),(4812,'12',97),(4862,'12',98),(4912,'12',99),(4962,'12',100),(13,'13',1),(63,'13',2),(113,'13',3),(163,'13',4),(213,'13',5),(263,'13',6),(313,'13',7),(363,'13',8),(413,'13',9),(463,'13',10),(513,'13',11),(563,'13',12),(613,'13',13),(663,'13',14),(713,'13',15),(763,'13',16),(813,'13',17),(863,'13',18),(913,'13',19),(963,'13',20),(1013,'13',21),(1063,'13',22),(1113,'13',23),(1163,'13',24),(1213,'13',25),(1263,'13',26),(1313,'13',27),(1363,'13',28),(1413,'13',29),(1463,'13',30),(1513,'13',31),(1563,'13',32),(1613,'13',33),(1663,'13',34),(1713,'13',35),(1763,'13',36),(1813,'13',37),(1863,'13',38),(1913,'13',39),(1963,'13',40),(2013,'13',41),(2063,'13',42),(2113,'13',43),(2163,'13',44),(2213,'13',45),(2263,'13',46),(2313,'13',47),(2363,'13',48),(2413,'13',49),(2463,'13',50),(2513,'13',51),(2563,'13',52),(2613,'13',53),(2663,'13',54),(2713,'13',55),(2763,'13',56),(2813,'13',57),(2863,'13',58),(2913,'13',59),(2963,'13',60),(3013,'13',61),(3063,'13',62),(3113,'13',63),(3163,'13',64),(3213,'13',65),(3263,'13',66),(3313,'13',67),(3363,'13',68),(3413,'13',69),(3463,'13',70),(3513,'13',71),(3563,'13',72),(3613,'13',73),(3663,'13',74),(3713,'13',75),(3763,'13',76),(3813,'13',77),(3863,'13',78),(3913,'13',79),(3963,'13',80),(4013,'13',81),(4063,'13',82),(4113,'13',83),(4163,'13',84),(4213,'13',85),(4263,'13',86),(4313,'13',87),(4363,'13',88),(4413,'13',89),(4463,'13',90),(4513,'13',91),(4563,'13',92),(4613,'13',93),(4663,'13',94),(4713,'13',95),(4763,'13',96),(4813,'13',97),(4863,'13',98),(4913,'13',99),(4963,'13',100),(14,'14',1),(64,'14',2),(114,'14',3),(164,'14',4),(214,'14',5),(264,'14',6),(314,'14',7),(364,'14',8),(414,'14',9),(464,'14',10),(514,'14',11),(564,'14',12),(614,'14',13),(664,'14',14),(714,'14',15),(764,'14',16),(814,'14',17),(864,'14',18),(914,'14',19),(964,'14',20),(1014,'14',21),(1064,'14',22),(1114,'14',23),(1164,'14',24),(1214,'14',25),(1264,'14',26),(1314,'14',27),(1364,'14',28),(1414,'14',29),(1464,'14',30),(1514,'14',31),(1564,'14',32),(1614,'14',33),(1664,'14',34),(1714,'14',35),(1764,'14',36),(1814,'14',37),(1864,'14',38),(1914,'14',39),(1964,'14',40),(2014,'14',41),(2064,'14',42),(2114,'14',43),(2164,'14',44),(2214,'14',45),(2264,'14',46),(2314,'14',47),(2364,'14',48),(2414,'14',49),(2464,'14',50),(2514,'14',51),(2564,'14',52),(2614,'14',53),(2664,'14',54),(2714,'14',55),(2764,'14',56),(2814,'14',57),(2864,'14',58),(2914,'14',59),(2964,'14',60),(3014,'14',61),(3064,'14',62),(3114,'14',63),(3164,'14',64),(3214,'14',65),(3264,'14',66),(3314,'14',67),(3364,'14',68),(3414,'14',69),(3464,'14',70),(3514,'14',71),(3564,'14',72),(3614,'14',73),(3664,'14',74),(3714,'14',75),(3764,'14',76),(3814,'14',77),(3864,'14',78),(3914,'14',79),(3964,'14',80),(4014,'14',81),(4064,'14',82),(4114,'14',83),(4164,'14',84),(4214,'14',85),(4264,'14',86),(4314,'14',87),(4364,'14',88),(4414,'14',89),(4464,'14',90),(4514,'14',91),(4564,'14',92),(4614,'14',93),(4664,'14',94),(4714,'14',95),(4764,'14',96),(4814,'14',97),(4864,'14',98),(4914,'14',99),(4964,'14',100),(15,'15',1),(65,'15',2),(115,'15',3),(165,'15',4),(215,'15',5),(265,'15',6),(315,'15',7),(365,'15',8),(415,'15',9),(465,'15',10),(515,'15',11),(565,'15',12),(615,'15',13),(665,'15',14),(715,'15',15),(765,'15',16),(815,'15',17),(865,'15',18),(915,'15',19),(965,'15',20),(1015,'15',21),(1065,'15',22),(1115,'15',23),(1165,'15',24),(1215,'15',25),(1265,'15',26),(1315,'15',27),(1365,'15',28),(1415,'15',29),(1465,'15',30),(1515,'15',31),(1565,'15',32),(1615,'15',33),(1665,'15',34),(1715,'15',35),(1765,'15',36),(1815,'15',37),(1865,'15',38),(1915,'15',39),(1965,'15',40),(2015,'15',41),(2065,'15',42),(2115,'15',43),(2165,'15',44),(2215,'15',45),(2265,'15',46),(2315,'15',47),(2365,'15',48),(2415,'15',49),(2465,'15',50),(2515,'15',51),(2565,'15',52),(2615,'15',53),(2665,'15',54),(2715,'15',55),(2765,'15',56),(2815,'15',57),(2865,'15',58),(2915,'15',59),(2965,'15',60),(3015,'15',61),(3065,'15',62),(3115,'15',63),(3165,'15',64),(3215,'15',65),(3265,'15',66),(3315,'15',67),(3365,'15',68),(3415,'15',69),(3465,'15',70),(3515,'15',71),(3565,'15',72),(3615,'15',73),(3665,'15',74),(3715,'15',75),(3765,'15',76),(3815,'15',77),(3865,'15',78),(3915,'15',79),(3965,'15',80),(4015,'15',81),(4065,'15',82),(4115,'15',83),(4165,'15',84),(4215,'15',85),(4265,'15',86),(4315,'15',87),(4365,'15',88),(4415,'15',89),(4465,'15',90),(4515,'15',91),(4565,'15',92),(4615,'15',93),(4665,'15',94),(4715,'15',95),(4765,'15',96),(4815,'15',97),(4865,'15',98),(4915,'15',99),(4965,'15',100),(16,'16',1),(66,'16',2),(116,'16',3),(166,'16',4),(216,'16',5),(266,'16',6),(316,'16',7),(366,'16',8),(416,'16',9),(466,'16',10),(516,'16',11),(566,'16',12),(616,'16',13),(666,'16',14),(716,'16',15),(766,'16',16),(816,'16',17),(866,'16',18),(916,'16',19),(966,'16',20),(1016,'16',21),(1066,'16',22),(1116,'16',23),(1166,'16',24),(1216,'16',25),(1266,'16',26),(1316,'16',27),(1366,'16',28),(1416,'16',29),(1466,'16',30),(1516,'16',31),(1566,'16',32),(1616,'16',33),(1666,'16',34),(1716,'16',35),(1766,'16',36),(1816,'16',37),(1866,'16',38),(1916,'16',39),(1966,'16',40),(2016,'16',41),(2066,'16',42),(2116,'16',43),(2166,'16',44),(2216,'16',45),(2266,'16',46),(2316,'16',47),(2366,'16',48),(2416,'16',49),(2466,'16',50),(2516,'16',51),(2566,'16',52),(2616,'16',53),(2666,'16',54),(2716,'16',55),(2766,'16',56),(2816,'16',57),(2866,'16',58),(2916,'16',59),(2966,'16',60),(3016,'16',61),(3066,'16',62),(3116,'16',63),(3166,'16',64),(3216,'16',65),(3266,'16',66),(3316,'16',67),(3366,'16',68),(3416,'16',69),(3466,'16',70),(3516,'16',71),(3566,'16',72),(3616,'16',73),(3666,'16',74),(3716,'16',75),(3766,'16',76),(3816,'16',77),(3866,'16',78),(3916,'16',79),(3966,'16',80),(4016,'16',81),(4066,'16',82),(4116,'16',83),(4166,'16',84),(4216,'16',85),(4266,'16',86),(4316,'16',87),(4366,'16',88),(4416,'16',89),(4466,'16',90),(4516,'16',91),(4566,'16',92),(4616,'16',93),(4666,'16',94),(4716,'16',95),(4766,'16',96),(4816,'16',97),(4866,'16',98),(4916,'16',99),(4966,'16',100),(17,'17',1),(67,'17',2),(117,'17',3),(167,'17',4),(217,'17',5),(267,'17',6),(317,'17',7),(367,'17',8),(417,'17',9),(467,'17',10),(517,'17',11),(567,'17',12),(617,'17',13),(667,'17',14),(717,'17',15),(767,'17',16),(817,'17',17),(867,'17',18),(917,'17',19),(967,'17',20),(1017,'17',21),(1067,'17',22),(1117,'17',23),(1167,'17',24),(1217,'17',25),(1267,'17',26),(1317,'17',27),(1367,'17',28),(1417,'17',29),(1467,'17',30),(1517,'17',31),(1567,'17',32),(1617,'17',33),(1667,'17',34),(1717,'17',35),(1767,'17',36),(1817,'17',37),(1867,'17',38),(1917,'17',39),(1967,'17',40),(2017,'17',41),(2067,'17',42),(2117,'17',43),(2167,'17',44),(2217,'17',45),(2267,'17',46),(2317,'17',47),(2367,'17',48),(2417,'17',49),(2467,'17',50),(2517,'17',51),(2567,'17',52),(2617,'17',53),(2667,'17',54),(2717,'17',55),(2767,'17',56),(2817,'17',57),(2867,'17',58),(2917,'17',59),(2967,'17',60),(3017,'17',61),(3067,'17',62),(3117,'17',63),(3167,'17',64),(3217,'17',65),(3267,'17',66),(3317,'17',67),(3367,'17',68),(3417,'17',69),(3467,'17',70),(3517,'17',71),(3567,'17',72),(3617,'17',73),(3667,'17',74),(3717,'17',75),(3767,'17',76),(3817,'17',77),(3867,'17',78),(3917,'17',79),(3967,'17',80),(4017,'17',81),(4067,'17',82),(4117,'17',83),(4167,'17',84),(4217,'17',85),(4267,'17',86),(4317,'17',87),(4367,'17',88),(4417,'17',89),(4467,'17',90),(4517,'17',91),(4567,'17',92),(4617,'17',93),(4667,'17',94),(4717,'17',95),(4767,'17',96),(4817,'17',97),(4867,'17',98),(4917,'17',99),(4967,'17',100),(18,'18',1),(68,'18',2),(118,'18',3),(168,'18',4),(218,'18',5),(268,'18',6),(318,'18',7),(368,'18',8),(418,'18',9),(468,'18',10),(518,'18',11),(568,'18',12),(618,'18',13),(668,'18',14),(718,'18',15),(768,'18',16),(818,'18',17),(868,'18',18),(918,'18',19),(968,'18',20),(1018,'18',21),(1068,'18',22),(1118,'18',23),(1168,'18',24),(1218,'18',25),(1268,'18',26),(1318,'18',27),(1368,'18',28),(1418,'18',29),(1468,'18',30),(1518,'18',31),(1568,'18',32),(1618,'18',33),(1668,'18',34),(1718,'18',35),(1768,'18',36),(1818,'18',37),(1868,'18',38),(1918,'18',39),(1968,'18',40),(2018,'18',41),(2068,'18',42),(2118,'18',43),(2168,'18',44),(2218,'18',45),(2268,'18',46),(2318,'18',47),(2368,'18',48),(2418,'18',49),(2468,'18',50),(2518,'18',51),(2568,'18',52),(2618,'18',53),(2668,'18',54),(2718,'18',55),(2768,'18',56),(2818,'18',57),(2868,'18',58),(2918,'18',59),(2968,'18',60),(3018,'18',61),(3068,'18',62),(3118,'18',63),(3168,'18',64),(3218,'18',65),(3268,'18',66),(3318,'18',67),(3368,'18',68),(3418,'18',69),(3468,'18',70),(3518,'18',71),(3568,'18',72),(3618,'18',73),(3668,'18',74),(3718,'18',75),(3768,'18',76),(3818,'18',77),(3868,'18',78),(3918,'18',79),(3968,'18',80),(4018,'18',81),(4068,'18',82),(4118,'18',83),(4168,'18',84),(4218,'18',85),(4268,'18',86),(4318,'18',87),(4368,'18',88),(4418,'18',89),(4468,'18',90),(4518,'18',91),(4568,'18',92),(4618,'18',93),(4668,'18',94),(4718,'18',95),(4768,'18',96),(4818,'18',97),(4868,'18',98),(4918,'18',99),(4968,'18',100),(19,'19',1),(69,'19',2),(119,'19',3),(169,'19',4),(219,'19',5),(269,'19',6),(319,'19',7),(369,'19',8),(419,'19',9),(469,'19',10),(519,'19',11),(569,'19',12),(619,'19',13),(669,'19',14),(719,'19',15),(769,'19',16),(819,'19',17),(869,'19',18),(919,'19',19),(969,'19',20),(1019,'19',21),(1069,'19',22),(1119,'19',23),(1169,'19',24),(1219,'19',25),(1269,'19',26),(1319,'19',27),(1369,'19',28),(1419,'19',29),(1469,'19',30),(1519,'19',31),(1569,'19',32),(1619,'19',33),(1669,'19',34),(1719,'19',35),(1769,'19',36),(1819,'19',37),(1869,'19',38),(1919,'19',39),(1969,'19',40),(2019,'19',41),(2069,'19',42),(2119,'19',43),(2169,'19',44),(2219,'19',45),(2269,'19',46),(2319,'19',47),(2369,'19',48),(2419,'19',49),(2469,'19',50),(2519,'19',51),(2569,'19',52),(2619,'19',53),(2669,'19',54),(2719,'19',55),(2769,'19',56),(2819,'19',57),(2869,'19',58),(2919,'19',59),(2969,'19',60),(3019,'19',61),(3069,'19',62),(3119,'19',63),(3169,'19',64),(3219,'19',65),(3269,'19',66),(3319,'19',67),(3369,'19',68),(3419,'19',69),(3469,'19',70),(3519,'19',71),(3569,'19',72),(3619,'19',73),(3669,'19',74),(3719,'19',75),(3769,'19',76),(3819,'19',77),(3869,'19',78),(3919,'19',79),(3969,'19',80),(4019,'19',81),(4069,'19',82),(4119,'19',83),(4169,'19',84),(4219,'19',85),(4269,'19',86),(4319,'19',87),(4369,'19',88),(4419,'19',89),(4469,'19',90),(4519,'19',91),(4569,'19',92),(4619,'19',93),(4669,'19',94),(4719,'19',95),(4769,'19',96),(4819,'19',97),(4869,'19',98),(4919,'19',99),(4969,'19',100),(2,'2',1),(52,'2',2),(102,'2',3),(152,'2',4),(202,'2',5),(252,'2',6),(302,'2',7),(352,'2',8),(402,'2',9),(452,'2',10),(502,'2',11),(552,'2',12),(602,'2',13),(652,'2',14),(702,'2',15),(752,'2',16),(802,'2',17),(852,'2',18),(902,'2',19),(952,'2',20),(1002,'2',21),(1052,'2',22),(1102,'2',23),(1152,'2',24),(1202,'2',25),(1252,'2',26),(1302,'2',27),(1352,'2',28),(1402,'2',29),(1452,'2',30),(1502,'2',31),(1552,'2',32),(1602,'2',33),(1652,'2',34),(1702,'2',35),(1752,'2',36),(1802,'2',37),(1852,'2',38),(1902,'2',39),(1952,'2',40),(2002,'2',41),(2052,'2',42),(2102,'2',43),(2152,'2',44),(2202,'2',45),(2252,'2',46),(2302,'2',47),(2352,'2',48),(2402,'2',49),(2452,'2',50),(2502,'2',51),(2552,'2',52),(2602,'2',53),(2652,'2',54),(2702,'2',55),(2752,'2',56),(2802,'2',57),(2852,'2',58),(2902,'2',59),(2952,'2',60),(3002,'2',61),(3052,'2',62),(3102,'2',63),(3152,'2',64),(3202,'2',65),(3252,'2',66),(3302,'2',67),(3352,'2',68),(3402,'2',69),(3452,'2',70),(3502,'2',71),(3552,'2',72),(3602,'2',73),(3652,'2',74),(3702,'2',75),(3752,'2',76),(3802,'2',77),(3852,'2',78),(3902,'2',79),(3952,'2',80),(4002,'2',81),(4052,'2',82),(4102,'2',83),(4152,'2',84),(4202,'2',85),(4252,'2',86),(4302,'2',87),(4352,'2',88),(4402,'2',89),(4452,'2',90),(4502,'2',91),(4552,'2',92),(4602,'2',93),(4652,'2',94),(4702,'2',95),(4752,'2',96),(4802,'2',97),(4852,'2',98),(4902,'2',99),(4952,'2',100),(20,'20',1),(70,'20',2),(120,'20',3),(170,'20',4),(220,'20',5),(270,'20',6),(320,'20',7),(370,'20',8),(420,'20',9),(470,'20',10),(520,'20',11),(570,'20',12),(620,'20',13),(670,'20',14),(720,'20',15),(770,'20',16),(820,'20',17),(870,'20',18),(920,'20',19),(970,'20',20),(1020,'20',21),(1070,'20',22),(1120,'20',23),(1170,'20',24),(1220,'20',25),(1270,'20',26),(1320,'20',27),(1370,'20',28),(1420,'20',29),(1470,'20',30),(1520,'20',31),(1570,'20',32),(1620,'20',33),(1670,'20',34),(1720,'20',35),(1770,'20',36),(1820,'20',37),(1870,'20',38),(1920,'20',39),(1970,'20',40),(2020,'20',41),(2070,'20',42),(2120,'20',43),(2170,'20',44),(2220,'20',45),(2270,'20',46),(2320,'20',47),(2370,'20',48),(2420,'20',49),(2470,'20',50),(2520,'20',51),(2570,'20',52),(2620,'20',53),(2670,'20',54),(2720,'20',55),(2770,'20',56),(2820,'20',57),(2870,'20',58),(2920,'20',59),(2970,'20',60),(3020,'20',61),(3070,'20',62),(3120,'20',63),(3170,'20',64),(3220,'20',65),(3270,'20',66),(3320,'20',67),(3370,'20',68),(3420,'20',69),(3470,'20',70),(3520,'20',71),(3570,'20',72),(3620,'20',73),(3670,'20',74),(3720,'20',75),(3770,'20',76),(3820,'20',77),(3870,'20',78),(3920,'20',79),(3970,'20',80),(4020,'20',81),(4070,'20',82),(4120,'20',83),(4170,'20',84),(4220,'20',85),(4270,'20',86),(4320,'20',87),(4370,'20',88),(4420,'20',89),(4470,'20',90),(4520,'20',91),(4570,'20',92),(4620,'20',93),(4670,'20',94),(4720,'20',95),(4770,'20',96),(4820,'20',97),(4870,'20',98),(4920,'20',99),(4970,'20',100),(21,'21',1),(71,'21',2),(121,'21',3),(171,'21',4),(221,'21',5),(271,'21',6),(321,'21',7),(371,'21',8),(421,'21',9),(471,'21',10),(521,'21',11),(571,'21',12),(621,'21',13),(671,'21',14),(721,'21',15),(771,'21',16),(821,'21',17),(871,'21',18),(921,'21',19),(971,'21',20),(1021,'21',21),(1071,'21',22),(1121,'21',23),(1171,'21',24),(1221,'21',25),(1271,'21',26),(1321,'21',27),(1371,'21',28),(1421,'21',29),(1471,'21',30),(1521,'21',31),(1571,'21',32),(1621,'21',33),(1671,'21',34),(1721,'21',35),(1771,'21',36),(1821,'21',37),(1871,'21',38),(1921,'21',39),(1971,'21',40),(2021,'21',41),(2071,'21',42),(2121,'21',43),(2171,'21',44),(2221,'21',45),(2271,'21',46),(2321,'21',47),(2371,'21',48),(2421,'21',49),(2471,'21',50),(2521,'21',51),(2571,'21',52),(2621,'21',53),(2671,'21',54),(2721,'21',55),(2771,'21',56),(2821,'21',57),(2871,'21',58),(2921,'21',59),(2971,'21',60),(3021,'21',61),(3071,'21',62),(3121,'21',63),(3171,'21',64),(3221,'21',65),(3271,'21',66),(3321,'21',67),(3371,'21',68),(3421,'21',69),(3471,'21',70),(3521,'21',71),(3571,'21',72),(3621,'21',73),(3671,'21',74),(3721,'21',75),(3771,'21',76),(3821,'21',77),(3871,'21',78),(3921,'21',79),(3971,'21',80),(4021,'21',81),(4071,'21',82),(4121,'21',83),(4171,'21',84),(4221,'21',85),(4271,'21',86),(4321,'21',87),(4371,'21',88),(4421,'21',89),(4471,'21',90),(4521,'21',91),(4571,'21',92),(4621,'21',93),(4671,'21',94),(4721,'21',95),(4771,'21',96),(4821,'21',97),(4871,'21',98),(4921,'21',99),(4971,'21',100),(22,'22',1),(72,'22',2),(122,'22',3),(172,'22',4),(222,'22',5),(272,'22',6),(322,'22',7),(372,'22',8),(422,'22',9),(472,'22',10),(522,'22',11),(572,'22',12),(622,'22',13),(672,'22',14),(722,'22',15),(772,'22',16),(822,'22',17),(872,'22',18),(922,'22',19),(972,'22',20),(1022,'22',21),(1072,'22',22),(1122,'22',23),(1172,'22',24),(1222,'22',25),(1272,'22',26),(1322,'22',27),(1372,'22',28),(1422,'22',29),(1472,'22',30),(1522,'22',31),(1572,'22',32),(1622,'22',33),(1672,'22',34),(1722,'22',35),(1772,'22',36),(1822,'22',37),(1872,'22',38),(1922,'22',39),(1972,'22',40),(2022,'22',41),(2072,'22',42),(2122,'22',43),(2172,'22',44),(2222,'22',45),(2272,'22',46),(2322,'22',47),(2372,'22',48),(2422,'22',49),(2472,'22',50),(2522,'22',51),(2572,'22',52),(2622,'22',53),(2672,'22',54),(2722,'22',55),(2772,'22',56),(2822,'22',57),(2872,'22',58),(2922,'22',59),(2972,'22',60),(3022,'22',61),(3072,'22',62),(3122,'22',63),(3172,'22',64),(3222,'22',65),(3272,'22',66),(3322,'22',67),(3372,'22',68),(3422,'22',69),(3472,'22',70),(3522,'22',71),(3572,'22',72),(3622,'22',73),(3672,'22',74),(3722,'22',75),(3772,'22',76),(3822,'22',77),(3872,'22',78),(3922,'22',79),(3972,'22',80),(4022,'22',81),(4072,'22',82),(4122,'22',83),(4172,'22',84),(4222,'22',85),(4272,'22',86),(4322,'22',87),(4372,'22',88),(4422,'22',89),(4472,'22',90),(4522,'22',91),(4572,'22',92),(4622,'22',93),(4672,'22',94),(4722,'22',95),(4772,'22',96),(4822,'22',97),(4872,'22',98),(4922,'22',99),(4972,'22',100),(23,'23',1),(73,'23',2),(123,'23',3),(173,'23',4),(223,'23',5),(273,'23',6),(323,'23',7),(373,'23',8),(423,'23',9),(473,'23',10),(523,'23',11),(573,'23',12),(623,'23',13),(673,'23',14),(723,'23',15),(773,'23',16),(823,'23',17),(873,'23',18),(923,'23',19),(973,'23',20),(1023,'23',21),(1073,'23',22),(1123,'23',23),(1173,'23',24),(1223,'23',25),(1273,'23',26),(1323,'23',27),(1373,'23',28),(1423,'23',29),(1473,'23',30),(1523,'23',31),(1573,'23',32),(1623,'23',33),(1673,'23',34),(1723,'23',35),(1773,'23',36),(1823,'23',37),(1873,'23',38),(1923,'23',39),(1973,'23',40),(2023,'23',41),(2073,'23',42),(2123,'23',43),(2173,'23',44),(2223,'23',45),(2273,'23',46),(2323,'23',47),(2373,'23',48),(2423,'23',49),(2473,'23',50),(2523,'23',51),(2573,'23',52),(2623,'23',53),(2673,'23',54),(2723,'23',55),(2773,'23',56),(2823,'23',57),(2873,'23',58),(2923,'23',59),(2973,'23',60),(3023,'23',61),(3073,'23',62),(3123,'23',63),(3173,'23',64),(3223,'23',65),(3273,'23',66),(3323,'23',67),(3373,'23',68),(3423,'23',69),(3473,'23',70),(3523,'23',71),(3573,'23',72),(3623,'23',73),(3673,'23',74),(3723,'23',75),(3773,'23',76),(3823,'23',77),(3873,'23',78),(3923,'23',79),(3973,'23',80),(4023,'23',81),(4073,'23',82),(4123,'23',83),(4173,'23',84),(4223,'23',85),(4273,'23',86),(4323,'23',87),(4373,'23',88),(4423,'23',89),(4473,'23',90),(4523,'23',91),(4573,'23',92),(4623,'23',93),(4673,'23',94),(4723,'23',95),(4773,'23',96),(4823,'23',97),(4873,'23',98),(4923,'23',99),(4973,'23',100),(24,'24',1),(74,'24',2),(124,'24',3),(174,'24',4),(224,'24',5),(274,'24',6),(324,'24',7),(374,'24',8),(424,'24',9),(474,'24',10),(524,'24',11),(574,'24',12),(624,'24',13),(674,'24',14),(724,'24',15),(774,'24',16),(824,'24',17),(874,'24',18),(924,'24',19),(974,'24',20),(1024,'24',21),(1074,'24',22),(1124,'24',23),(1174,'24',24),(1224,'24',25),(1274,'24',26),(1324,'24',27),(1374,'24',28),(1424,'24',29),(1474,'24',30),(1524,'24',31),(1574,'24',32),(1624,'24',33),(1674,'24',34),(1724,'24',35),(1774,'24',36),(1824,'24',37),(1874,'24',38),(1924,'24',39),(1974,'24',40),(2024,'24',41),(2074,'24',42),(2124,'24',43),(2174,'24',44),(2224,'24',45),(2274,'24',46),(2324,'24',47),(2374,'24',48),(2424,'24',49),(2474,'24',50),(2524,'24',51),(2574,'24',52),(2624,'24',53),(2674,'24',54),(2724,'24',55),(2774,'24',56),(2824,'24',57),(2874,'24',58),(2924,'24',59),(2974,'24',60),(3024,'24',61),(3074,'24',62),(3124,'24',63),(3174,'24',64),(3224,'24',65),(3274,'24',66),(3324,'24',67),(3374,'24',68),(3424,'24',69),(3474,'24',70),(3524,'24',71),(3574,'24',72),(3624,'24',73),(3674,'24',74),(3724,'24',75),(3774,'24',76),(3824,'24',77),(3874,'24',78),(3924,'24',79),(3974,'24',80),(4024,'24',81),(4074,'24',82),(4124,'24',83),(4174,'24',84),(4224,'24',85),(4274,'24',86),(4324,'24',87),(4374,'24',88),(4424,'24',89),(4474,'24',90),(4524,'24',91),(4574,'24',92),(4624,'24',93),(4674,'24',94),(4724,'24',95),(4774,'24',96),(4824,'24',97),(4874,'24',98),(4924,'24',99),(4974,'24',100),(25,'25',1),(75,'25',2),(125,'25',3),(175,'25',4),(225,'25',5),(275,'25',6),(325,'25',7),(375,'25',8),(425,'25',9),(475,'25',10),(525,'25',11),(575,'25',12),(625,'25',13),(675,'25',14),(725,'25',15),(775,'25',16),(825,'25',17),(875,'25',18),(925,'25',19),(975,'25',20),(1025,'25',21),(1075,'25',22),(1125,'25',23),(1175,'25',24),(1225,'25',25),(1275,'25',26),(1325,'25',27),(1375,'25',28),(1425,'25',29),(1475,'25',30),(1525,'25',31),(1575,'25',32),(1625,'25',33),(1675,'25',34),(1725,'25',35),(1775,'25',36),(1825,'25',37),(1875,'25',38),(1925,'25',39),(1975,'25',40),(2025,'25',41),(2075,'25',42),(2125,'25',43),(2175,'25',44),(2225,'25',45),(2275,'25',46),(2325,'25',47),(2375,'25',48),(2425,'25',49),(2475,'25',50),(2525,'25',51),(2575,'25',52),(2625,'25',53),(2675,'25',54),(2725,'25',55),(2775,'25',56),(2825,'25',57),(2875,'25',58),(2925,'25',59),(2975,'25',60),(3025,'25',61),(3075,'25',62),(3125,'25',63),(3175,'25',64),(3225,'25',65),(3275,'25',66),(3325,'25',67),(3375,'25',68),(3425,'25',69),(3475,'25',70),(3525,'25',71),(3575,'25',72),(3625,'25',73),(3675,'25',74),(3725,'25',75),(3775,'25',76),(3825,'25',77),(3875,'25',78),(3925,'25',79),(3975,'25',80),(4025,'25',81),(4075,'25',82),(4125,'25',83),(4175,'25',84),(4225,'25',85),(4275,'25',86),(4325,'25',87),(4375,'25',88),(4425,'25',89),(4475,'25',90),(4525,'25',91),(4575,'25',92),(4625,'25',93),(4675,'25',94),(4725,'25',95),(4775,'25',96),(4825,'25',97),(4875,'25',98),(4925,'25',99),(4975,'25',100),(26,'26',1),(76,'26',2),(126,'26',3),(176,'26',4),(226,'26',5),(276,'26',6),(326,'26',7),(376,'26',8),(426,'26',9),(476,'26',10),(526,'26',11),(576,'26',12),(626,'26',13),(676,'26',14),(726,'26',15),(776,'26',16),(826,'26',17),(876,'26',18),(926,'26',19),(976,'26',20),(1026,'26',21),(1076,'26',22),(1126,'26',23),(1176,'26',24),(1226,'26',25),(1276,'26',26),(1326,'26',27),(1376,'26',28),(1426,'26',29),(1476,'26',30),(1526,'26',31),(1576,'26',32),(1626,'26',33),(1676,'26',34),(1726,'26',35),(1776,'26',36),(1826,'26',37),(1876,'26',38),(1926,'26',39),(1976,'26',40),(2026,'26',41),(2076,'26',42),(2126,'26',43),(2176,'26',44),(2226,'26',45),(2276,'26',46),(2326,'26',47),(2376,'26',48),(2426,'26',49),(2476,'26',50),(2526,'26',51),(2576,'26',52),(2626,'26',53),(2676,'26',54),(2726,'26',55),(2776,'26',56),(2826,'26',57),(2876,'26',58),(2926,'26',59),(2976,'26',60),(3026,'26',61),(3076,'26',62),(3126,'26',63),(3176,'26',64),(3226,'26',65),(3276,'26',66),(3326,'26',67),(3376,'26',68),(3426,'26',69),(3476,'26',70),(3526,'26',71),(3576,'26',72),(3626,'26',73),(3676,'26',74),(3726,'26',75),(3776,'26',76),(3826,'26',77),(3876,'26',78),(3926,'26',79),(3976,'26',80),(4026,'26',81),(4076,'26',82),(4126,'26',83),(4176,'26',84),(4226,'26',85),(4276,'26',86),(4326,'26',87),(4376,'26',88),(4426,'26',89),(4476,'26',90),(4526,'26',91),(4576,'26',92),(4626,'26',93),(4676,'26',94),(4726,'26',95),(4776,'26',96),(4826,'26',97),(4876,'26',98),(4926,'26',99),(4976,'26',100),(27,'27',1),(77,'27',2),(127,'27',3),(177,'27',4),(227,'27',5),(277,'27',6),(327,'27',7),(377,'27',8),(427,'27',9),(477,'27',10),(527,'27',11),(577,'27',12),(627,'27',13),(677,'27',14),(727,'27',15),(777,'27',16),(827,'27',17),(877,'27',18),(927,'27',19),(977,'27',20),(1027,'27',21),(1077,'27',22),(1127,'27',23),(1177,'27',24),(1227,'27',25),(1277,'27',26),(1327,'27',27),(1377,'27',28),(1427,'27',29),(1477,'27',30),(1527,'27',31),(1577,'27',32),(1627,'27',33),(1677,'27',34),(1727,'27',35),(1777,'27',36),(1827,'27',37),(1877,'27',38),(1927,'27',39),(1977,'27',40),(2027,'27',41),(2077,'27',42),(2127,'27',43),(2177,'27',44),(2227,'27',45),(2277,'27',46),(2327,'27',47),(2377,'27',48),(2427,'27',49),(2477,'27',50),(2527,'27',51),(2577,'27',52),(2627,'27',53),(2677,'27',54),(2727,'27',55),(2777,'27',56),(2827,'27',57),(2877,'27',58),(2927,'27',59),(2977,'27',60),(3027,'27',61),(3077,'27',62),(3127,'27',63),(3177,'27',64),(3227,'27',65),(3277,'27',66),(3327,'27',67),(3377,'27',68),(3427,'27',69),(3477,'27',70),(3527,'27',71),(3577,'27',72),(3627,'27',73),(3677,'27',74),(3727,'27',75),(3777,'27',76),(3827,'27',77),(3877,'27',78),(3927,'27',79),(3977,'27',80),(4027,'27',81),(4077,'27',82),(4127,'27',83),(4177,'27',84),(4227,'27',85),(4277,'27',86),(4327,'27',87),(4377,'27',88),(4427,'27',89),(4477,'27',90),(4527,'27',91),(4577,'27',92),(4627,'27',93),(4677,'27',94),(4727,'27',95),(4777,'27',96),(4827,'27',97),(4877,'27',98),(4927,'27',99),(4977,'27',100),(28,'28',1),(78,'28',2),(128,'28',3),(178,'28',4),(228,'28',5),(278,'28',6),(328,'28',7),(378,'28',8),(428,'28',9),(478,'28',10),(528,'28',11),(578,'28',12),(628,'28',13),(678,'28',14),(728,'28',15),(778,'28',16),(828,'28',17),(878,'28',18),(928,'28',19),(978,'28',20),(1028,'28',21),(1078,'28',22),(1128,'28',23),(1178,'28',24),(1228,'28',25),(1278,'28',26),(1328,'28',27),(1378,'28',28),(1428,'28',29),(1478,'28',30),(1528,'28',31),(1578,'28',32),(1628,'28',33),(1678,'28',34),(1728,'28',35),(1778,'28',36),(1828,'28',37),(1878,'28',38),(1928,'28',39),(1978,'28',40),(2028,'28',41),(2078,'28',42),(2128,'28',43),(2178,'28',44),(2228,'28',45),(2278,'28',46),(2328,'28',47),(2378,'28',48),(2428,'28',49),(2478,'28',50),(2528,'28',51),(2578,'28',52),(2628,'28',53),(2678,'28',54),(2728,'28',55),(2778,'28',56),(2828,'28',57),(2878,'28',58),(2928,'28',59),(2978,'28',60),(3028,'28',61),(3078,'28',62),(3128,'28',63),(3178,'28',64),(3228,'28',65),(3278,'28',66),(3328,'28',67),(3378,'28',68),(3428,'28',69),(3478,'28',70),(3528,'28',71),(3578,'28',72),(3628,'28',73),(3678,'28',74),(3728,'28',75),(3778,'28',76),(3828,'28',77),(3878,'28',78),(3928,'28',79),(3978,'28',80),(4028,'28',81),(4078,'28',82),(4128,'28',83),(4178,'28',84),(4228,'28',85),(4278,'28',86),(4328,'28',87),(4378,'28',88),(4428,'28',89),(4478,'28',90),(4528,'28',91),(4578,'28',92),(4628,'28',93),(4678,'28',94),(4728,'28',95),(4778,'28',96),(4828,'28',97),(4878,'28',98),(4928,'28',99),(4978,'28',100),(29,'29',1),(79,'29',2),(129,'29',3),(179,'29',4),(229,'29',5),(279,'29',6),(329,'29',7),(379,'29',8),(429,'29',9),(479,'29',10),(529,'29',11),(579,'29',12),(629,'29',13),(679,'29',14),(729,'29',15),(779,'29',16),(829,'29',17),(879,'29',18),(929,'29',19),(979,'29',20),(1029,'29',21),(1079,'29',22),(1129,'29',23),(1179,'29',24),(1229,'29',25),(1279,'29',26),(1329,'29',27),(1379,'29',28),(1429,'29',29),(1479,'29',30),(1529,'29',31),(1579,'29',32),(1629,'29',33),(1679,'29',34),(1729,'29',35),(1779,'29',36),(1829,'29',37),(1879,'29',38),(1929,'29',39),(1979,'29',40),(2029,'29',41),(2079,'29',42),(2129,'29',43),(2179,'29',44),(2229,'29',45),(2279,'29',46),(2329,'29',47),(2379,'29',48),(2429,'29',49),(2479,'29',50),(2529,'29',51),(2579,'29',52),(2629,'29',53),(2679,'29',54),(2729,'29',55),(2779,'29',56),(2829,'29',57),(2879,'29',58),(2929,'29',59),(2979,'29',60),(3029,'29',61),(3079,'29',62),(3129,'29',63),(3179,'29',64),(3229,'29',65),(3279,'29',66),(3329,'29',67),(3379,'29',68),(3429,'29',69),(3479,'29',70),(3529,'29',71),(3579,'29',72),(3629,'29',73),(3679,'29',74),(3729,'29',75),(3779,'29',76),(3829,'29',77),(3879,'29',78),(3929,'29',79),(3979,'29',80),(4029,'29',81),(4079,'29',82),(4129,'29',83),(4179,'29',84),(4229,'29',85),(4279,'29',86),(4329,'29',87),(4379,'29',88),(4429,'29',89),(4479,'29',90),(4529,'29',91),(4579,'29',92),(4629,'29',93),(4679,'29',94),(4729,'29',95),(4779,'29',96),(4829,'29',97),(4879,'29',98),(4929,'29',99),(4979,'29',100),(3,'3',1),(53,'3',2),(103,'3',3),(153,'3',4),(203,'3',5),(253,'3',6),(303,'3',7),(353,'3',8),(403,'3',9),(453,'3',10),(503,'3',11),(553,'3',12),(603,'3',13),(653,'3',14),(703,'3',15),(753,'3',16),(803,'3',17),(853,'3',18),(903,'3',19),(953,'3',20),(1003,'3',21),(1053,'3',22),(1103,'3',23),(1153,'3',24),(1203,'3',25),(1253,'3',26),(1303,'3',27),(1353,'3',28),(1403,'3',29),(1453,'3',30),(1503,'3',31),(1553,'3',32),(1603,'3',33),(1653,'3',34),(1703,'3',35),(1753,'3',36),(1803,'3',37),(1853,'3',38),(1903,'3',39),(1953,'3',40),(2003,'3',41),(2053,'3',42),(2103,'3',43),(2153,'3',44),(2203,'3',45),(2253,'3',46),(2303,'3',47),(2353,'3',48),(2403,'3',49),(2453,'3',50),(2503,'3',51),(2553,'3',52),(2603,'3',53),(2653,'3',54),(2703,'3',55),(2753,'3',56),(2803,'3',57),(2853,'3',58),(2903,'3',59),(2953,'3',60),(3003,'3',61),(3053,'3',62),(3103,'3',63),(3153,'3',64),(3203,'3',65),(3253,'3',66),(3303,'3',67),(3353,'3',68),(3403,'3',69),(3453,'3',70),(3503,'3',71),(3553,'3',72),(3603,'3',73),(3653,'3',74),(3703,'3',75),(3753,'3',76),(3803,'3',77),(3853,'3',78),(3903,'3',79),(3953,'3',80),(4003,'3',81),(4053,'3',82),(4103,'3',83),(4153,'3',84),(4203,'3',85),(4253,'3',86),(4303,'3',87),(4353,'3',88),(4403,'3',89),(4453,'3',90),(4503,'3',91),(4553,'3',92),(4603,'3',93),(4653,'3',94),(4703,'3',95),(4753,'3',96),(4803,'3',97),(4853,'3',98),(4903,'3',99),(4953,'3',100),(30,'30',1),(80,'30',2),(130,'30',3),(180,'30',4),(230,'30',5),(280,'30',6),(330,'30',7),(380,'30',8),(430,'30',9),(480,'30',10),(530,'30',11),(580,'30',12),(630,'30',13),(680,'30',14),(730,'30',15),(780,'30',16),(830,'30',17),(880,'30',18),(930,'30',19),(980,'30',20),(1030,'30',21),(1080,'30',22),(1130,'30',23),(1180,'30',24),(1230,'30',25),(1280,'30',26),(1330,'30',27),(1380,'30',28),(1430,'30',29),(1480,'30',30),(1530,'30',31),(1580,'30',32),(1630,'30',33),(1680,'30',34),(1730,'30',35),(1780,'30',36),(1830,'30',37),(1880,'30',38),(1930,'30',39),(1980,'30',40),(2030,'30',41),(2080,'30',42),(2130,'30',43),(2180,'30',44),(2230,'30',45),(2280,'30',46),(2330,'30',47),(2380,'30',48),(2430,'30',49),(2480,'30',50),(2530,'30',51),(2580,'30',52),(2630,'30',53),(2680,'30',54),(2730,'30',55),(2780,'30',56),(2830,'30',57),(2880,'30',58),(2930,'30',59),(2980,'30',60),(3030,'30',61),(3080,'30',62),(3130,'30',63),(3180,'30',64),(3230,'30',65),(3280,'30',66),(3330,'30',67),(3380,'30',68),(3430,'30',69),(3480,'30',70),(3530,'30',71),(3580,'30',72),(3630,'30',73),(3680,'30',74),(3730,'30',75),(3780,'30',76),(3830,'30',77),(3880,'30',78),(3930,'30',79),(3980,'30',80),(4030,'30',81),(4080,'30',82),(4130,'30',83),(4180,'30',84),(4230,'30',85),(4280,'30',86),(4330,'30',87),(4380,'30',88),(4430,'30',89),(4480,'30',90),(4530,'30',91),(4580,'30',92),(4630,'30',93),(4680,'30',94),(4730,'30',95),(4780,'30',96),(4830,'30',97),(4880,'30',98),(4930,'30',99),(4980,'30',100),(31,'31',1),(81,'31',2),(131,'31',3),(181,'31',4),(231,'31',5),(281,'31',6),(331,'31',7),(381,'31',8),(431,'31',9),(481,'31',10),(531,'31',11),(581,'31',12),(631,'31',13),(681,'31',14),(731,'31',15),(781,'31',16),(831,'31',17),(881,'31',18),(931,'31',19),(981,'31',20),(1031,'31',21),(1081,'31',22),(1131,'31',23),(1181,'31',24),(1231,'31',25),(1281,'31',26),(1331,'31',27),(1381,'31',28),(1431,'31',29),(1481,'31',30),(1531,'31',31),(1581,'31',32),(1631,'31',33),(1681,'31',34),(1731,'31',35),(1781,'31',36),(1831,'31',37),(1881,'31',38),(1931,'31',39),(1981,'31',40),(2031,'31',41),(2081,'31',42),(2131,'31',43),(2181,'31',44),(2231,'31',45),(2281,'31',46),(2331,'31',47),(2381,'31',48),(2431,'31',49),(2481,'31',50),(2531,'31',51),(2581,'31',52),(2631,'31',53),(2681,'31',54),(2731,'31',55),(2781,'31',56),(2831,'31',57),(2881,'31',58),(2931,'31',59),(2981,'31',60),(3031,'31',61),(3081,'31',62),(3131,'31',63),(3181,'31',64),(3231,'31',65),(3281,'31',66),(3331,'31',67),(3381,'31',68),(3431,'31',69),(3481,'31',70),(3531,'31',71),(3581,'31',72),(3631,'31',73),(3681,'31',74),(3731,'31',75),(3781,'31',76),(3831,'31',77),(3881,'31',78),(3931,'31',79),(3981,'31',80),(4031,'31',81),(4081,'31',82),(4131,'31',83),(4181,'31',84),(4231,'31',85),(4281,'31',86),(4331,'31',87),(4381,'31',88),(4431,'31',89),(4481,'31',90),(4531,'31',91),(4581,'31',92),(4631,'31',93),(4681,'31',94),(4731,'31',95),(4781,'31',96),(4831,'31',97),(4881,'31',98),(4931,'31',99),(4981,'31',100),(32,'32',1),(82,'32',2),(132,'32',3),(182,'32',4),(232,'32',5),(282,'32',6),(332,'32',7),(382,'32',8),(432,'32',9),(482,'32',10),(532,'32',11),(582,'32',12),(632,'32',13),(682,'32',14),(732,'32',15),(782,'32',16),(832,'32',17),(882,'32',18),(932,'32',19),(982,'32',20),(1032,'32',21),(1082,'32',22),(1132,'32',23),(1182,'32',24),(1232,'32',25),(1282,'32',26),(1332,'32',27),(1382,'32',28),(1432,'32',29),(1482,'32',30),(1532,'32',31),(1582,'32',32),(1632,'32',33),(1682,'32',34),(1732,'32',35),(1782,'32',36),(1832,'32',37),(1882,'32',38),(1932,'32',39),(1982,'32',40),(2032,'32',41),(2082,'32',42),(2132,'32',43),(2182,'32',44),(2232,'32',45),(2282,'32',46),(2332,'32',47),(2382,'32',48),(2432,'32',49),(2482,'32',50),(2532,'32',51),(2582,'32',52),(2632,'32',53),(2682,'32',54),(2732,'32',55),(2782,'32',56),(2832,'32',57),(2882,'32',58),(2932,'32',59),(2982,'32',60),(3032,'32',61),(3082,'32',62),(3132,'32',63),(3182,'32',64),(3232,'32',65),(3282,'32',66),(3332,'32',67),(3382,'32',68),(3432,'32',69),(3482,'32',70),(3532,'32',71),(3582,'32',72),(3632,'32',73),(3682,'32',74),(3732,'32',75),(3782,'32',76),(3832,'32',77),(3882,'32',78),(3932,'32',79),(3982,'32',80),(4032,'32',81),(4082,'32',82),(4132,'32',83),(4182,'32',84),(4232,'32',85),(4282,'32',86),(4332,'32',87),(4382,'32',88),(4432,'32',89),(4482,'32',90),(4532,'32',91),(4582,'32',92),(4632,'32',93),(4682,'32',94),(4732,'32',95),(4782,'32',96),(4832,'32',97),(4882,'32',98),(4932,'32',99),(4982,'32',100),(33,'33',1),(83,'33',2),(133,'33',3),(183,'33',4),(233,'33',5),(283,'33',6),(333,'33',7),(383,'33',8),(433,'33',9),(483,'33',10),(533,'33',11),(583,'33',12),(633,'33',13),(683,'33',14),(733,'33',15),(783,'33',16),(833,'33',17),(883,'33',18),(933,'33',19),(983,'33',20),(1033,'33',21),(1083,'33',22),(1133,'33',23),(1183,'33',24),(1233,'33',25),(1283,'33',26),(1333,'33',27),(1383,'33',28),(1433,'33',29),(1483,'33',30),(1533,'33',31),(1583,'33',32),(1633,'33',33),(1683,'33',34),(1733,'33',35),(1783,'33',36),(1833,'33',37),(1883,'33',38),(1933,'33',39),(1983,'33',40),(2033,'33',41),(2083,'33',42),(2133,'33',43),(2183,'33',44),(2233,'33',45),(2283,'33',46),(2333,'33',47),(2383,'33',48),(2433,'33',49),(2483,'33',50),(2533,'33',51),(2583,'33',52),(2633,'33',53),(2683,'33',54),(2733,'33',55),(2783,'33',56),(2833,'33',57),(2883,'33',58),(2933,'33',59),(2983,'33',60),(3033,'33',61),(3083,'33',62),(3133,'33',63),(3183,'33',64),(3233,'33',65),(3283,'33',66),(3333,'33',67),(3383,'33',68),(3433,'33',69),(3483,'33',70),(3533,'33',71),(3583,'33',72),(3633,'33',73),(3683,'33',74),(3733,'33',75),(3783,'33',76),(3833,'33',77),(3883,'33',78),(3933,'33',79),(3983,'33',80),(4033,'33',81),(4083,'33',82),(4133,'33',83),(4183,'33',84),(4233,'33',85),(4283,'33',86),(4333,'33',87),(4383,'33',88),(4433,'33',89),(4483,'33',90),(4533,'33',91),(4583,'33',92),(4633,'33',93),(4683,'33',94),(4733,'33',95),(4783,'33',96),(4833,'33',97),(4883,'33',98),(4933,'33',99),(4983,'33',100),(34,'34',1),(84,'34',2),(134,'34',3),(184,'34',4),(234,'34',5),(284,'34',6),(334,'34',7),(384,'34',8),(434,'34',9),(484,'34',10),(534,'34',11),(584,'34',12),(634,'34',13),(684,'34',14),(734,'34',15),(784,'34',16),(834,'34',17),(884,'34',18),(934,'34',19),(984,'34',20),(1034,'34',21),(1084,'34',22),(1134,'34',23),(1184,'34',24),(1234,'34',25),(1284,'34',26),(1334,'34',27),(1384,'34',28),(1434,'34',29),(1484,'34',30),(1534,'34',31),(1584,'34',32),(1634,'34',33),(1684,'34',34),(1734,'34',35),(1784,'34',36),(1834,'34',37),(1884,'34',38),(1934,'34',39),(1984,'34',40),(2034,'34',41),(2084,'34',42),(2134,'34',43),(2184,'34',44),(2234,'34',45),(2284,'34',46),(2334,'34',47),(2384,'34',48),(2434,'34',49),(2484,'34',50),(2534,'34',51),(2584,'34',52),(2634,'34',53),(2684,'34',54),(2734,'34',55),(2784,'34',56),(2834,'34',57),(2884,'34',58),(2934,'34',59),(2984,'34',60),(3034,'34',61),(3084,'34',62),(3134,'34',63),(3184,'34',64),(3234,'34',65),(3284,'34',66),(3334,'34',67),(3384,'34',68),(3434,'34',69),(3484,'34',70),(3534,'34',71),(3584,'34',72),(3634,'34',73),(3684,'34',74),(3734,'34',75),(3784,'34',76),(3834,'34',77),(3884,'34',78),(3934,'34',79),(3984,'34',80),(4034,'34',81),(4084,'34',82),(4134,'34',83),(4184,'34',84),(4234,'34',85),(4284,'34',86),(4334,'34',87),(4384,'34',88),(4434,'34',89),(4484,'34',90),(4534,'34',91),(4584,'34',92),(4634,'34',93),(4684,'34',94),(4734,'34',95),(4784,'34',96),(4834,'34',97),(4884,'34',98),(4934,'34',99),(4984,'34',100),(35,'35',1),(85,'35',2),(135,'35',3),(185,'35',4),(235,'35',5),(285,'35',6),(335,'35',7),(385,'35',8),(435,'35',9),(485,'35',10),(535,'35',11),(585,'35',12),(635,'35',13),(685,'35',14),(735,'35',15),(785,'35',16),(835,'35',17),(885,'35',18),(935,'35',19),(985,'35',20),(1035,'35',21),(1085,'35',22),(1135,'35',23),(1185,'35',24),(1235,'35',25),(1285,'35',26),(1335,'35',27),(1385,'35',28),(1435,'35',29),(1485,'35',30),(1535,'35',31),(1585,'35',32),(1635,'35',33),(1685,'35',34),(1735,'35',35),(1785,'35',36),(1835,'35',37),(1885,'35',38),(1935,'35',39),(1985,'35',40),(2035,'35',41),(2085,'35',42),(2135,'35',43),(2185,'35',44),(2235,'35',45),(2285,'35',46),(2335,'35',47),(2385,'35',48),(2435,'35',49),(2485,'35',50),(2535,'35',51),(2585,'35',52),(2635,'35',53),(2685,'35',54),(2735,'35',55),(2785,'35',56),(2835,'35',57),(2885,'35',58),(2935,'35',59),(2985,'35',60),(3035,'35',61),(3085,'35',62),(3135,'35',63),(3185,'35',64),(3235,'35',65),(3285,'35',66),(3335,'35',67),(3385,'35',68),(3435,'35',69),(3485,'35',70),(3535,'35',71),(3585,'35',72),(3635,'35',73),(3685,'35',74),(3735,'35',75),(3785,'35',76),(3835,'35',77),(3885,'35',78),(3935,'35',79),(3985,'35',80),(4035,'35',81),(4085,'35',82),(4135,'35',83),(4185,'35',84),(4235,'35',85),(4285,'35',86),(4335,'35',87),(4385,'35',88),(4435,'35',89),(4485,'35',90),(4535,'35',91),(4585,'35',92),(4635,'35',93),(4685,'35',94),(4735,'35',95),(4785,'35',96),(4835,'35',97),(4885,'35',98),(4935,'35',99),(4985,'35',100),(36,'36',1),(86,'36',2),(136,'36',3),(186,'36',4),(236,'36',5),(286,'36',6),(336,'36',7),(386,'36',8),(436,'36',9),(486,'36',10),(536,'36',11),(586,'36',12),(636,'36',13),(686,'36',14),(736,'36',15),(786,'36',16),(836,'36',17),(886,'36',18),(936,'36',19),(986,'36',20),(1036,'36',21),(1086,'36',22),(1136,'36',23),(1186,'36',24),(1236,'36',25),(1286,'36',26),(1336,'36',27),(1386,'36',28),(1436,'36',29),(1486,'36',30),(1536,'36',31),(1586,'36',32),(1636,'36',33),(1686,'36',34),(1736,'36',35),(1786,'36',36),(1836,'36',37),(1886,'36',38),(1936,'36',39),(1986,'36',40),(2036,'36',41),(2086,'36',42),(2136,'36',43),(2186,'36',44),(2236,'36',45),(2286,'36',46),(2336,'36',47),(2386,'36',48),(2436,'36',49),(2486,'36',50),(2536,'36',51),(2586,'36',52),(2636,'36',53),(2686,'36',54),(2736,'36',55),(2786,'36',56),(2836,'36',57),(2886,'36',58),(2936,'36',59),(2986,'36',60),(3036,'36',61),(3086,'36',62),(3136,'36',63),(3186,'36',64),(3236,'36',65),(3286,'36',66),(3336,'36',67),(3386,'36',68),(3436,'36',69),(3486,'36',70),(3536,'36',71),(3586,'36',72),(3636,'36',73),(3686,'36',74),(3736,'36',75),(3786,'36',76),(3836,'36',77),(3886,'36',78),(3936,'36',79),(3986,'36',80),(4036,'36',81),(4086,'36',82),(4136,'36',83),(4186,'36',84),(4236,'36',85),(4286,'36',86),(4336,'36',87),(4386,'36',88),(4436,'36',89),(4486,'36',90),(4536,'36',91),(4586,'36',92),(4636,'36',93),(4686,'36',94),(4736,'36',95),(4786,'36',96),(4836,'36',97),(4886,'36',98),(4936,'36',99),(4986,'36',100),(37,'37',1),(87,'37',2),(137,'37',3),(187,'37',4),(237,'37',5),(287,'37',6),(337,'37',7),(387,'37',8),(437,'37',9),(487,'37',10),(537,'37',11),(587,'37',12),(637,'37',13),(687,'37',14),(737,'37',15),(787,'37',16),(837,'37',17),(887,'37',18),(937,'37',19),(987,'37',20),(1037,'37',21),(1087,'37',22),(1137,'37',23),(1187,'37',24),(1237,'37',25),(1287,'37',26),(1337,'37',27),(1387,'37',28),(1437,'37',29),(1487,'37',30),(1537,'37',31),(1587,'37',32),(1637,'37',33),(1687,'37',34),(1737,'37',35),(1787,'37',36),(1837,'37',37),(1887,'37',38),(1937,'37',39),(1987,'37',40),(2037,'37',41),(2087,'37',42),(2137,'37',43),(2187,'37',44),(2237,'37',45),(2287,'37',46),(2337,'37',47),(2387,'37',48),(2437,'37',49),(2487,'37',50),(2537,'37',51),(2587,'37',52),(2637,'37',53),(2687,'37',54),(2737,'37',55),(2787,'37',56),(2837,'37',57),(2887,'37',58),(2937,'37',59),(2987,'37',60),(3037,'37',61),(3087,'37',62),(3137,'37',63),(3187,'37',64),(3237,'37',65),(3287,'37',66),(3337,'37',67),(3387,'37',68),(3437,'37',69),(3487,'37',70),(3537,'37',71),(3587,'37',72),(3637,'37',73),(3687,'37',74),(3737,'37',75),(3787,'37',76),(3837,'37',77),(3887,'37',78),(3937,'37',79),(3987,'37',80),(4037,'37',81),(4087,'37',82),(4137,'37',83),(4187,'37',84),(4237,'37',85),(4287,'37',86),(4337,'37',87),(4387,'37',88),(4437,'37',89),(4487,'37',90),(4537,'37',91),(4587,'37',92),(4637,'37',93),(4687,'37',94),(4737,'37',95),(4787,'37',96),(4837,'37',97),(4887,'37',98),(4937,'37',99),(4987,'37',100),(38,'38',1),(88,'38',2),(138,'38',3),(188,'38',4),(238,'38',5),(288,'38',6),(338,'38',7),(388,'38',8),(438,'38',9),(488,'38',10),(538,'38',11),(588,'38',12),(638,'38',13),(688,'38',14),(738,'38',15),(788,'38',16),(838,'38',17),(888,'38',18),(938,'38',19),(988,'38',20),(1038,'38',21),(1088,'38',22),(1138,'38',23),(1188,'38',24),(1238,'38',25),(1288,'38',26),(1338,'38',27),(1388,'38',28),(1438,'38',29),(1488,'38',30),(1538,'38',31),(1588,'38',32),(1638,'38',33),(1688,'38',34),(1738,'38',35),(1788,'38',36),(1838,'38',37),(1888,'38',38),(1938,'38',39),(1988,'38',40),(2038,'38',41),(2088,'38',42),(2138,'38',43),(2188,'38',44),(2238,'38',45),(2288,'38',46),(2338,'38',47),(2388,'38',48),(2438,'38',49),(2488,'38',50),(2538,'38',51),(2588,'38',52),(2638,'38',53),(2688,'38',54),(2738,'38',55),(2788,'38',56),(2838,'38',57),(2888,'38',58),(2938,'38',59),(2988,'38',60),(3038,'38',61),(3088,'38',62),(3138,'38',63),(3188,'38',64),(3238,'38',65),(3288,'38',66),(3338,'38',67),(3388,'38',68),(3438,'38',69),(3488,'38',70),(3538,'38',71),(3588,'38',72),(3638,'38',73),(3688,'38',74),(3738,'38',75),(3788,'38',76),(3838,'38',77),(3888,'38',78),(3938,'38',79),(3988,'38',80),(4038,'38',81),(4088,'38',82),(4138,'38',83),(4188,'38',84),(4238,'38',85),(4288,'38',86),(4338,'38',87),(4388,'38',88),(4438,'38',89),(4488,'38',90),(4538,'38',91),(4588,'38',92),(4638,'38',93),(4688,'38',94),(4738,'38',95),(4788,'38',96),(4838,'38',97),(4888,'38',98),(4938,'38',99),(4988,'38',100),(39,'39',1),(89,'39',2),(139,'39',3),(189,'39',4),(239,'39',5),(289,'39',6),(339,'39',7),(389,'39',8),(439,'39',9),(489,'39',10),(539,'39',11),(589,'39',12),(639,'39',13),(689,'39',14),(739,'39',15),(789,'39',16),(839,'39',17),(889,'39',18),(939,'39',19),(989,'39',20),(1039,'39',21),(1089,'39',22),(1139,'39',23),(1189,'39',24),(1239,'39',25),(1289,'39',26),(1339,'39',27),(1389,'39',28),(1439,'39',29),(1489,'39',30),(1539,'39',31),(1589,'39',32),(1639,'39',33),(1689,'39',34),(1739,'39',35),(1789,'39',36),(1839,'39',37),(1889,'39',38),(1939,'39',39),(1989,'39',40),(2039,'39',41),(2089,'39',42),(2139,'39',43),(2189,'39',44),(2239,'39',45),(2289,'39',46),(2339,'39',47),(2389,'39',48),(2439,'39',49),(2489,'39',50),(2539,'39',51),(2589,'39',52),(2639,'39',53),(2689,'39',54),(2739,'39',55),(2789,'39',56),(2839,'39',57),(2889,'39',58),(2939,'39',59),(2989,'39',60),(3039,'39',61),(3089,'39',62),(3139,'39',63),(3189,'39',64),(3239,'39',65),(3289,'39',66),(3339,'39',67),(3389,'39',68),(3439,'39',69),(3489,'39',70),(3539,'39',71),(3589,'39',72),(3639,'39',73),(3689,'39',74),(3739,'39',75),(3789,'39',76),(3839,'39',77),(3889,'39',78),(3939,'39',79),(3989,'39',80),(4039,'39',81),(4089,'39',82),(4139,'39',83),(4189,'39',84),(4239,'39',85),(4289,'39',86),(4339,'39',87),(4389,'39',88),(4439,'39',89),(4489,'39',90),(4539,'39',91),(4589,'39',92),(4639,'39',93),(4689,'39',94),(4739,'39',95),(4789,'39',96),(4839,'39',97),(4889,'39',98),(4939,'39',99),(4989,'39',100),(4,'4',1),(54,'4',2),(104,'4',3),(154,'4',4),(204,'4',5),(254,'4',6),(304,'4',7),(354,'4',8),(404,'4',9),(454,'4',10),(504,'4',11),(554,'4',12),(604,'4',13),(654,'4',14),(704,'4',15),(754,'4',16),(804,'4',17),(854,'4',18),(904,'4',19),(954,'4',20),(1004,'4',21),(1054,'4',22),(1104,'4',23),(1154,'4',24),(1204,'4',25),(1254,'4',26),(1304,'4',27),(1354,'4',28),(1404,'4',29),(1454,'4',30),(1504,'4',31),(1554,'4',32),(1604,'4',33),(1654,'4',34),(1704,'4',35),(1754,'4',36),(1804,'4',37),(1854,'4',38),(1904,'4',39),(1954,'4',40),(2004,'4',41),(2054,'4',42),(2104,'4',43),(2154,'4',44),(2204,'4',45),(2254,'4',46),(2304,'4',47),(2354,'4',48),(2404,'4',49),(2454,'4',50),(2504,'4',51),(2554,'4',52),(2604,'4',53),(2654,'4',54),(2704,'4',55),(2754,'4',56),(2804,'4',57),(2854,'4',58),(2904,'4',59),(2954,'4',60),(3004,'4',61),(3054,'4',62),(3104,'4',63),(3154,'4',64),(3204,'4',65),(3254,'4',66),(3304,'4',67),(3354,'4',68),(3404,'4',69),(3454,'4',70),(3504,'4',71),(3554,'4',72),(3604,'4',73),(3654,'4',74),(3704,'4',75),(3754,'4',76),(3804,'4',77),(3854,'4',78),(3904,'4',79),(3954,'4',80),(4004,'4',81),(4054,'4',82),(4104,'4',83),(4154,'4',84),(4204,'4',85),(4254,'4',86),(4304,'4',87),(4354,'4',88),(4404,'4',89),(4454,'4',90),(4504,'4',91),(4554,'4',92),(4604,'4',93),(4654,'4',94),(4704,'4',95),(4754,'4',96),(4804,'4',97),(4854,'4',98),(4904,'4',99),(4954,'4',100),(40,'40',1),(90,'40',2),(140,'40',3),(190,'40',4),(240,'40',5),(290,'40',6),(340,'40',7),(390,'40',8),(440,'40',9),(490,'40',10),(540,'40',11),(590,'40',12),(640,'40',13),(690,'40',14),(740,'40',15),(790,'40',16),(840,'40',17),(890,'40',18),(940,'40',19),(990,'40',20),(1040,'40',21),(1090,'40',22),(1140,'40',23),(1190,'40',24),(1240,'40',25),(1290,'40',26),(1340,'40',27),(1390,'40',28),(1440,'40',29),(1490,'40',30),(1540,'40',31),(1590,'40',32),(1640,'40',33),(1690,'40',34),(1740,'40',35),(1790,'40',36),(1840,'40',37),(1890,'40',38),(1940,'40',39),(1990,'40',40),(2040,'40',41),(2090,'40',42),(2140,'40',43),(2190,'40',44),(2240,'40',45),(2290,'40',46),(2340,'40',47),(2390,'40',48),(2440,'40',49),(2490,'40',50),(2540,'40',51),(2590,'40',52),(2640,'40',53),(2690,'40',54),(2740,'40',55),(2790,'40',56),(2840,'40',57),(2890,'40',58),(2940,'40',59),(2990,'40',60),(3040,'40',61),(3090,'40',62),(3140,'40',63),(3190,'40',64),(3240,'40',65),(3290,'40',66),(3340,'40',67),(3390,'40',68),(3440,'40',69),(3490,'40',70),(3540,'40',71),(3590,'40',72),(3640,'40',73),(3690,'40',74),(3740,'40',75),(3790,'40',76),(3840,'40',77),(3890,'40',78),(3940,'40',79),(3990,'40',80),(4040,'40',81),(4090,'40',82),(4140,'40',83),(4190,'40',84),(4240,'40',85),(4290,'40',86),(4340,'40',87),(4390,'40',88),(4440,'40',89),(4490,'40',90),(4540,'40',91),(4590,'40',92),(4640,'40',93),(4690,'40',94),(4740,'40',95),(4790,'40',96),(4840,'40',97),(4890,'40',98),(4940,'40',99),(4990,'40',100),(41,'41',1),(91,'41',2),(141,'41',3),(191,'41',4),(241,'41',5),(291,'41',6),(341,'41',7),(391,'41',8),(441,'41',9),(491,'41',10),(541,'41',11),(591,'41',12),(641,'41',13),(691,'41',14),(741,'41',15),(791,'41',16),(841,'41',17),(891,'41',18),(941,'41',19),(991,'41',20),(1041,'41',21),(1091,'41',22),(1141,'41',23),(1191,'41',24),(1241,'41',25),(1291,'41',26),(1341,'41',27),(1391,'41',28),(1441,'41',29),(1491,'41',30),(1541,'41',31),(1591,'41',32),(1641,'41',33),(1691,'41',34),(1741,'41',35),(1791,'41',36),(1841,'41',37),(1891,'41',38),(1941,'41',39),(1991,'41',40),(2041,'41',41),(2091,'41',42),(2141,'41',43),(2191,'41',44),(2241,'41',45),(2291,'41',46),(2341,'41',47),(2391,'41',48),(2441,'41',49),(2491,'41',50),(2541,'41',51),(2591,'41',52),(2641,'41',53),(2691,'41',54),(2741,'41',55),(2791,'41',56),(2841,'41',57),(2891,'41',58),(2941,'41',59),(2991,'41',60),(3041,'41',61),(3091,'41',62),(3141,'41',63),(3191,'41',64),(3241,'41',65),(3291,'41',66),(3341,'41',67),(3391,'41',68),(3441,'41',69),(3491,'41',70),(3541,'41',71),(3591,'41',72),(3641,'41',73),(3691,'41',74),(3741,'41',75),(3791,'41',76),(3841,'41',77),(3891,'41',78),(3941,'41',79),(3991,'41',80),(4041,'41',81),(4091,'41',82),(4141,'41',83),(4191,'41',84),(4241,'41',85),(4291,'41',86),(4341,'41',87),(4391,'41',88),(4441,'41',89),(4491,'41',90),(4541,'41',91),(4591,'41',92),(4641,'41',93),(4691,'41',94),(4741,'41',95),(4791,'41',96),(4841,'41',97),(4891,'41',98),(4941,'41',99),(4991,'41',100),(42,'42',1),(92,'42',2),(142,'42',3),(192,'42',4),(242,'42',5),(292,'42',6),(342,'42',7),(392,'42',8),(442,'42',9),(492,'42',10),(542,'42',11),(592,'42',12),(642,'42',13),(692,'42',14),(742,'42',15),(792,'42',16),(842,'42',17),(892,'42',18),(942,'42',19),(992,'42',20),(1042,'42',21),(1092,'42',22),(1142,'42',23),(1192,'42',24),(1242,'42',25),(1292,'42',26),(1342,'42',27),(1392,'42',28),(1442,'42',29),(1492,'42',30),(1542,'42',31),(1592,'42',32),(1642,'42',33),(1692,'42',34),(1742,'42',35),(1792,'42',36),(1842,'42',37),(1892,'42',38),(1942,'42',39),(1992,'42',40),(2042,'42',41),(2092,'42',42),(2142,'42',43),(2192,'42',44),(2242,'42',45),(2292,'42',46),(2342,'42',47),(2392,'42',48),(2442,'42',49),(2492,'42',50),(2542,'42',51),(2592,'42',52),(2642,'42',53),(2692,'42',54),(2742,'42',55),(2792,'42',56),(2842,'42',57),(2892,'42',58),(2942,'42',59),(2992,'42',60),(3042,'42',61),(3092,'42',62),(3142,'42',63),(3192,'42',64),(3242,'42',65),(3292,'42',66),(3342,'42',67),(3392,'42',68),(3442,'42',69),(3492,'42',70),(3542,'42',71),(3592,'42',72),(3642,'42',73),(3692,'42',74),(3742,'42',75),(3792,'42',76),(3842,'42',77),(3892,'42',78),(3942,'42',79),(3992,'42',80),(4042,'42',81),(4092,'42',82),(4142,'42',83),(4192,'42',84),(4242,'42',85),(4292,'42',86),(4342,'42',87),(4392,'42',88),(4442,'42',89),(4492,'42',90),(4542,'42',91),(4592,'42',92),(4642,'42',93),(4692,'42',94),(4742,'42',95),(4792,'42',96),(4842,'42',97),(4892,'42',98),(4942,'42',99),(4992,'42',100),(43,'43',1),(93,'43',2),(143,'43',3),(193,'43',4),(243,'43',5),(293,'43',6),(343,'43',7),(393,'43',8),(443,'43',9),(493,'43',10),(543,'43',11),(593,'43',12),(643,'43',13),(693,'43',14),(743,'43',15),(793,'43',16),(843,'43',17),(893,'43',18),(943,'43',19),(993,'43',20),(1043,'43',21),(1093,'43',22),(1143,'43',23),(1193,'43',24),(1243,'43',25),(1293,'43',26),(1343,'43',27),(1393,'43',28),(1443,'43',29),(1493,'43',30),(1543,'43',31),(1593,'43',32),(1643,'43',33),(1693,'43',34),(1743,'43',35),(1793,'43',36),(1843,'43',37),(1893,'43',38),(1943,'43',39),(1993,'43',40),(2043,'43',41),(2093,'43',42),(2143,'43',43),(2193,'43',44),(2243,'43',45),(2293,'43',46),(2343,'43',47),(2393,'43',48),(2443,'43',49),(2493,'43',50),(2543,'43',51),(2593,'43',52),(2643,'43',53),(2693,'43',54),(2743,'43',55),(2793,'43',56),(2843,'43',57),(2893,'43',58),(2943,'43',59),(2993,'43',60),(3043,'43',61),(3093,'43',62),(3143,'43',63),(3193,'43',64),(3243,'43',65),(3293,'43',66),(3343,'43',67),(3393,'43',68),(3443,'43',69),(3493,'43',70),(3543,'43',71),(3593,'43',72),(3643,'43',73),(3693,'43',74),(3743,'43',75),(3793,'43',76),(3843,'43',77),(3893,'43',78),(3943,'43',79),(3993,'43',80),(4043,'43',81),(4093,'43',82),(4143,'43',83),(4193,'43',84),(4243,'43',85),(4293,'43',86),(4343,'43',87),(4393,'43',88),(4443,'43',89),(4493,'43',90),(4543,'43',91),(4593,'43',92),(4643,'43',93),(4693,'43',94),(4743,'43',95),(4793,'43',96),(4843,'43',97),(4893,'43',98),(4943,'43',99),(4993,'43',100),(44,'44',1),(94,'44',2),(144,'44',3),(194,'44',4),(244,'44',5),(294,'44',6),(344,'44',7),(394,'44',8),(444,'44',9),(494,'44',10),(544,'44',11),(594,'44',12),(644,'44',13),(694,'44',14),(744,'44',15),(794,'44',16),(844,'44',17),(894,'44',18),(944,'44',19),(994,'44',20),(1044,'44',21),(1094,'44',22),(1144,'44',23),(1194,'44',24),(1244,'44',25),(1294,'44',26),(1344,'44',27),(1394,'44',28),(1444,'44',29),(1494,'44',30),(1544,'44',31),(1594,'44',32),(1644,'44',33),(1694,'44',34),(1744,'44',35),(1794,'44',36),(1844,'44',37),(1894,'44',38),(1944,'44',39),(1994,'44',40),(2044,'44',41),(2094,'44',42),(2144,'44',43),(2194,'44',44),(2244,'44',45),(2294,'44',46),(2344,'44',47),(2394,'44',48),(2444,'44',49),(2494,'44',50),(2544,'44',51),(2594,'44',52),(2644,'44',53),(2694,'44',54),(2744,'44',55),(2794,'44',56),(2844,'44',57),(2894,'44',58),(2944,'44',59),(2994,'44',60),(3044,'44',61),(3094,'44',62),(3144,'44',63),(3194,'44',64),(3244,'44',65),(3294,'44',66),(3344,'44',67),(3394,'44',68),(3444,'44',69),(3494,'44',70),(3544,'44',71),(3594,'44',72),(3644,'44',73),(3694,'44',74),(3744,'44',75),(3794,'44',76),(3844,'44',77),(3894,'44',78),(3944,'44',79),(3994,'44',80),(4044,'44',81),(4094,'44',82),(4144,'44',83),(4194,'44',84),(4244,'44',85),(4294,'44',86),(4344,'44',87),(4394,'44',88),(4444,'44',89),(4494,'44',90),(4544,'44',91),(4594,'44',92),(4644,'44',93),(4694,'44',94),(4744,'44',95),(4794,'44',96),(4844,'44',97),(4894,'44',98),(4944,'44',99),(4994,'44',100),(45,'45',1),(95,'45',2),(145,'45',3),(195,'45',4),(245,'45',5),(295,'45',6),(345,'45',7),(395,'45',8),(445,'45',9),(495,'45',10),(545,'45',11),(595,'45',12),(645,'45',13),(695,'45',14),(745,'45',15),(795,'45',16),(845,'45',17),(895,'45',18),(945,'45',19),(995,'45',20),(1045,'45',21),(1095,'45',22),(1145,'45',23),(1195,'45',24),(1245,'45',25),(1295,'45',26),(1345,'45',27),(1395,'45',28),(1445,'45',29),(1495,'45',30),(1545,'45',31),(1595,'45',32),(1645,'45',33),(1695,'45',34),(1745,'45',35),(1795,'45',36),(1845,'45',37),(1895,'45',38),(1945,'45',39),(1995,'45',40),(2045,'45',41),(2095,'45',42),(2145,'45',43),(2195,'45',44),(2245,'45',45),(2295,'45',46),(2345,'45',47),(2395,'45',48),(2445,'45',49),(2495,'45',50),(2545,'45',51),(2595,'45',52),(2645,'45',53),(2695,'45',54),(2745,'45',55),(2795,'45',56),(2845,'45',57),(2895,'45',58),(2945,'45',59),(2995,'45',60),(3045,'45',61),(3095,'45',62),(3145,'45',63),(3195,'45',64),(3245,'45',65),(3295,'45',66),(3345,'45',67),(3395,'45',68),(3445,'45',69),(3495,'45',70),(3545,'45',71),(3595,'45',72),(3645,'45',73),(3695,'45',74),(3745,'45',75),(3795,'45',76),(3845,'45',77),(3895,'45',78),(3945,'45',79),(3995,'45',80),(4045,'45',81),(4095,'45',82),(4145,'45',83),(4195,'45',84),(4245,'45',85),(4295,'45',86),(4345,'45',87),(4395,'45',88),(4445,'45',89),(4495,'45',90),(4545,'45',91),(4595,'45',92),(4645,'45',93),(4695,'45',94),(4745,'45',95),(4795,'45',96),(4845,'45',97),(4895,'45',98),(4945,'45',99),(4995,'45',100),(46,'46',1),(96,'46',2),(146,'46',3),(196,'46',4),(246,'46',5),(296,'46',6),(346,'46',7),(396,'46',8),(446,'46',9),(496,'46',10),(546,'46',11),(596,'46',12),(646,'46',13),(696,'46',14),(746,'46',15),(796,'46',16),(846,'46',17),(896,'46',18),(946,'46',19),(996,'46',20),(1046,'46',21),(1096,'46',22),(1146,'46',23),(1196,'46',24),(1246,'46',25),(1296,'46',26),(1346,'46',27),(1396,'46',28),(1446,'46',29),(1496,'46',30),(1546,'46',31),(1596,'46',32),(1646,'46',33),(1696,'46',34),(1746,'46',35),(1796,'46',36),(1846,'46',37),(1896,'46',38),(1946,'46',39),(1996,'46',40),(2046,'46',41),(2096,'46',42),(2146,'46',43),(2196,'46',44),(2246,'46',45),(2296,'46',46),(2346,'46',47),(2396,'46',48),(2446,'46',49),(2496,'46',50),(2546,'46',51),(2596,'46',52),(2646,'46',53),(2696,'46',54),(2746,'46',55),(2796,'46',56),(2846,'46',57),(2896,'46',58),(2946,'46',59),(2996,'46',60),(3046,'46',61),(3096,'46',62),(3146,'46',63),(3196,'46',64),(3246,'46',65),(3296,'46',66),(3346,'46',67),(3396,'46',68),(3446,'46',69),(3496,'46',70),(3546,'46',71),(3596,'46',72),(3646,'46',73),(3696,'46',74),(3746,'46',75),(3796,'46',76),(3846,'46',77),(3896,'46',78),(3946,'46',79),(3996,'46',80),(4046,'46',81),(4096,'46',82),(4146,'46',83),(4196,'46',84),(4246,'46',85),(4296,'46',86),(4346,'46',87),(4396,'46',88),(4446,'46',89),(4496,'46',90),(4546,'46',91),(4596,'46',92),(4646,'46',93),(4696,'46',94),(4746,'46',95),(4796,'46',96),(4846,'46',97),(4896,'46',98),(4946,'46',99),(4996,'46',100),(47,'47',1),(97,'47',2),(147,'47',3),(197,'47',4),(247,'47',5),(297,'47',6),(347,'47',7),(397,'47',8),(447,'47',9),(497,'47',10),(547,'47',11),(597,'47',12),(647,'47',13),(697,'47',14),(747,'47',15),(797,'47',16),(847,'47',17),(897,'47',18),(947,'47',19),(997,'47',20),(1047,'47',21),(1097,'47',22),(1147,'47',23),(1197,'47',24),(1247,'47',25),(1297,'47',26),(1347,'47',27),(1397,'47',28),(1447,'47',29),(1497,'47',30),(1547,'47',31),(1597,'47',32),(1647,'47',33),(1697,'47',34),(1747,'47',35),(1797,'47',36),(1847,'47',37),(1897,'47',38),(1947,'47',39),(1997,'47',40),(2047,'47',41),(2097,'47',42),(2147,'47',43),(2197,'47',44),(2247,'47',45),(2297,'47',46),(2347,'47',47),(2397,'47',48),(2447,'47',49),(2497,'47',50),(2547,'47',51),(2597,'47',52),(2647,'47',53),(2697,'47',54),(2747,'47',55),(2797,'47',56),(2847,'47',57),(2897,'47',58),(2947,'47',59),(2997,'47',60),(3047,'47',61),(3097,'47',62),(3147,'47',63),(3197,'47',64),(3247,'47',65),(3297,'47',66),(3347,'47',67),(3397,'47',68),(3447,'47',69),(3497,'47',70),(3547,'47',71),(3597,'47',72),(3647,'47',73),(3697,'47',74),(3747,'47',75),(3797,'47',76),(3847,'47',77),(3897,'47',78),(3947,'47',79),(3997,'47',80),(4047,'47',81),(4097,'47',82),(4147,'47',83),(4197,'47',84),(4247,'47',85),(4297,'47',86),(4347,'47',87),(4397,'47',88),(4447,'47',89),(4497,'47',90),(4547,'47',91),(4597,'47',92),(4647,'47',93),(4697,'47',94),(4747,'47',95),(4797,'47',96),(4847,'47',97),(4897,'47',98),(4947,'47',99),(4997,'47',100),(48,'48',1),(98,'48',2),(148,'48',3),(198,'48',4),(248,'48',5),(298,'48',6),(348,'48',7),(398,'48',8),(448,'48',9),(498,'48',10),(548,'48',11),(598,'48',12),(648,'48',13),(698,'48',14),(748,'48',15),(798,'48',16),(848,'48',17),(898,'48',18),(948,'48',19),(998,'48',20),(1048,'48',21),(1098,'48',22),(1148,'48',23),(1198,'48',24),(1248,'48',25),(1298,'48',26),(1348,'48',27),(1398,'48',28),(1448,'48',29),(1498,'48',30),(1548,'48',31),(1598,'48',32),(1648,'48',33),(1698,'48',34),(1748,'48',35),(1798,'48',36),(1848,'48',37),(1898,'48',38),(1948,'48',39),(1998,'48',40),(2048,'48',41),(2098,'48',42),(2148,'48',43),(2198,'48',44),(2248,'48',45),(2298,'48',46),(2348,'48',47),(2398,'48',48),(2448,'48',49),(2498,'48',50),(2548,'48',51),(2598,'48',52),(2648,'48',53),(2698,'48',54),(2748,'48',55),(2798,'48',56),(2848,'48',57),(2898,'48',58),(2948,'48',59),(2998,'48',60),(3048,'48',61),(3098,'48',62),(3148,'48',63),(3198,'48',64),(3248,'48',65),(3298,'48',66),(3348,'48',67),(3398,'48',68),(3448,'48',69),(3498,'48',70),(3548,'48',71),(3598,'48',72),(3648,'48',73),(3698,'48',74),(3748,'48',75),(3798,'48',76),(3848,'48',77),(3898,'48',78),(3948,'48',79),(3998,'48',80),(4048,'48',81),(4098,'48',82),(4148,'48',83),(4198,'48',84),(4248,'48',85),(4298,'48',86),(4348,'48',87),(4398,'48',88),(4448,'48',89),(4498,'48',90),(4548,'48',91),(4598,'48',92),(4648,'48',93),(4698,'48',94),(4748,'48',95),(4798,'48',96),(4848,'48',97),(4898,'48',98),(4948,'48',99),(4998,'48',100),(49,'49',1),(99,'49',2),(149,'49',3),(199,'49',4),(249,'49',5),(299,'49',6),(349,'49',7),(399,'49',8),(449,'49',9),(499,'49',10),(549,'49',11),(599,'49',12),(649,'49',13),(699,'49',14),(749,'49',15),(799,'49',16),(849,'49',17),(899,'49',18),(949,'49',19),(999,'49',20),(1049,'49',21),(1099,'49',22),(1149,'49',23),(1199,'49',24),(1249,'49',25),(1299,'49',26),(1349,'49',27),(1399,'49',28),(1449,'49',29),(1499,'49',30),(1549,'49',31),(1599,'49',32),(1649,'49',33),(1699,'49',34),(1749,'49',35),(1799,'49',36),(1849,'49',37),(1899,'49',38),(1949,'49',39),(1999,'49',40),(2049,'49',41),(2099,'49',42),(2149,'49',43),(2199,'49',44),(2249,'49',45),(2299,'49',46),(2349,'49',47),(2399,'49',48),(2449,'49',49),(2499,'49',50),(2549,'49',51),(2599,'49',52),(2649,'49',53),(2699,'49',54),(2749,'49',55),(2799,'49',56),(2849,'49',57),(2899,'49',58),(2949,'49',59),(2999,'49',60),(3049,'49',61),(3099,'49',62),(3149,'49',63),(3199,'49',64),(3249,'49',65),(3299,'49',66),(3349,'49',67),(3399,'49',68),(3449,'49',69),(3499,'49',70),(3549,'49',71),(3599,'49',72),(3649,'49',73),(3699,'49',74),(3749,'49',75),(3799,'49',76),(3849,'49',77),(3899,'49',78),(3949,'49',79),(3999,'49',80),(4049,'49',81),(4099,'49',82),(4149,'49',83),(4199,'49',84),(4249,'49',85),(4299,'49',86),(4349,'49',87),(4399,'49',88),(4449,'49',89),(4499,'49',90),(4549,'49',91),(4599,'49',92),(4649,'49',93),(4699,'49',94),(4749,'49',95),(4799,'49',96),(4849,'49',97),(4899,'49',98),(4949,'49',99),(4999,'49',100),(5,'5',1),(55,'5',2),(105,'5',3),(155,'5',4),(205,'5',5),(255,'5',6),(305,'5',7),(355,'5',8),(405,'5',9),(455,'5',10),(505,'5',11),(555,'5',12),(605,'5',13),(655,'5',14),(705,'5',15),(755,'5',16),(805,'5',17),(855,'5',18),(905,'5',19),(955,'5',20),(1005,'5',21),(1055,'5',22),(1105,'5',23),(1155,'5',24),(1205,'5',25),(1255,'5',26),(1305,'5',27),(1355,'5',28),(1405,'5',29),(1455,'5',30),(1505,'5',31),(1555,'5',32),(1605,'5',33),(1655,'5',34),(1705,'5',35),(1755,'5',36),(1805,'5',37),(1855,'5',38),(1905,'5',39),(1955,'5',40),(2005,'5',41),(2055,'5',42),(2105,'5',43),(2155,'5',44),(2205,'5',45),(2255,'5',46),(2305,'5',47),(2355,'5',48),(2405,'5',49),(2455,'5',50),(2505,'5',51),(2555,'5',52),(2605,'5',53),(2655,'5',54),(2705,'5',55),(2755,'5',56),(2805,'5',57),(2855,'5',58),(2905,'5',59),(2955,'5',60),(3005,'5',61),(3055,'5',62),(3105,'5',63),(3155,'5',64),(3205,'5',65),(3255,'5',66),(3305,'5',67),(3355,'5',68),(3405,'5',69),(3455,'5',70),(3505,'5',71),(3555,'5',72),(3605,'5',73),(3655,'5',74),(3705,'5',75),(3755,'5',76),(3805,'5',77),(3855,'5',78),(3905,'5',79),(3955,'5',80),(4005,'5',81),(4055,'5',82),(4105,'5',83),(4155,'5',84),(4205,'5',85),(4255,'5',86),(4305,'5',87),(4355,'5',88),(4405,'5',89),(4455,'5',90),(4505,'5',91),(4555,'5',92),(4605,'5',93),(4655,'5',94),(4705,'5',95),(4755,'5',96),(4805,'5',97),(4855,'5',98),(4905,'5',99),(4955,'5',100),(50,'50',1),(100,'50',2),(150,'50',3),(200,'50',4),(250,'50',5),(300,'50',6),(350,'50',7),(400,'50',8),(450,'50',9),(500,'50',10),(550,'50',11),(600,'50',12),(650,'50',13),(700,'50',14),(750,'50',15),(800,'50',16),(850,'50',17),(900,'50',18),(950,'50',19),(1000,'50',20),(1050,'50',21),(1100,'50',22),(1150,'50',23),(1200,'50',24),(1250,'50',25),(1300,'50',26),(1350,'50',27),(1400,'50',28),(1450,'50',29),(1500,'50',30),(1550,'50',31),(1600,'50',32),(1650,'50',33),(1700,'50',34),(1750,'50',35),(1800,'50',36),(1850,'50',37),(1900,'50',38),(1950,'50',39),(2000,'50',40),(2050,'50',41),(2100,'50',42),(2150,'50',43),(2200,'50',44),(2250,'50',45),(2300,'50',46),(2350,'50',47),(2400,'50',48),(2450,'50',49),(2500,'50',50),(2550,'50',51),(2600,'50',52),(2650,'50',53),(2700,'50',54),(2750,'50',55),(2800,'50',56),(2850,'50',57),(2900,'50',58),(2950,'50',59),(3000,'50',60),(3050,'50',61),(3100,'50',62),(3150,'50',63),(3200,'50',64),(3250,'50',65),(3300,'50',66),(3350,'50',67),(3400,'50',68),(3450,'50',69),(3500,'50',70),(3550,'50',71),(3600,'50',72),(3650,'50',73),(3700,'50',74),(3750,'50',75),(3800,'50',76),(3850,'50',77),(3900,'50',78),(3950,'50',79),(4000,'50',80),(4050,'50',81),(4100,'50',82),(4150,'50',83),(4200,'50',84),(4250,'50',85),(4300,'50',86),(4350,'50',87),(4400,'50',88),(4450,'50',89),(4500,'50',90),(4550,'50',91),(4600,'50',92),(4650,'50',93),(4700,'50',94),(4750,'50',95),(4800,'50',96),(4850,'50',97),(4900,'50',98),(4950,'50',99),(5000,'50',100),(6,'6',1),(56,'6',2),(106,'6',3),(156,'6',4),(206,'6',5),(256,'6',6),(306,'6',7),(356,'6',8),(406,'6',9),(456,'6',10),(506,'6',11),(556,'6',12),(606,'6',13),(656,'6',14),(706,'6',15),(756,'6',16),(806,'6',17),(856,'6',18),(906,'6',19),(956,'6',20),(1006,'6',21),(1056,'6',22),(1106,'6',23),(1156,'6',24),(1206,'6',25),(1256,'6',26),(1306,'6',27),(1356,'6',28),(1406,'6',29),(1456,'6',30),(1506,'6',31),(1556,'6',32),(1606,'6',33),(1656,'6',34),(1706,'6',35),(1756,'6',36),(1806,'6',37),(1856,'6',38),(1906,'6',39),(1956,'6',40),(2006,'6',41),(2056,'6',42),(2106,'6',43),(2156,'6',44),(2206,'6',45),(2256,'6',46),(2306,'6',47),(2356,'6',48),(2406,'6',49),(2456,'6',50),(2506,'6',51),(2556,'6',52),(2606,'6',53),(2656,'6',54),(2706,'6',55),(2756,'6',56),(2806,'6',57),(2856,'6',58),(2906,'6',59),(2956,'6',60),(3006,'6',61),(3056,'6',62),(3106,'6',63),(3156,'6',64),(3206,'6',65),(3256,'6',66),(3306,'6',67),(3356,'6',68),(3406,'6',69),(3456,'6',70),(3506,'6',71),(3556,'6',72),(3606,'6',73),(3656,'6',74),(3706,'6',75),(3756,'6',76),(3806,'6',77),(3856,'6',78),(3906,'6',79),(3956,'6',80),(4006,'6',81),(4056,'6',82),(4106,'6',83),(4156,'6',84),(4206,'6',85),(4256,'6',86),(4306,'6',87),(4356,'6',88),(4406,'6',89),(4456,'6',90),(4506,'6',91),(4556,'6',92),(4606,'6',93),(4656,'6',94),(4706,'6',95),(4756,'6',96),(4806,'6',97),(4856,'6',98),(4906,'6',99),(4956,'6',100),(7,'7',1),(57,'7',2),(107,'7',3),(157,'7',4),(207,'7',5),(257,'7',6),(307,'7',7),(357,'7',8),(407,'7',9),(457,'7',10),(507,'7',11),(557,'7',12),(607,'7',13),(657,'7',14),(707,'7',15),(757,'7',16),(807,'7',17),(857,'7',18),(907,'7',19),(957,'7',20),(1007,'7',21),(1057,'7',22),(1107,'7',23),(1157,'7',24),(1207,'7',25),(1257,'7',26),(1307,'7',27),(1357,'7',28),(1407,'7',29),(1457,'7',30),(1507,'7',31),(1557,'7',32),(1607,'7',33),(1657,'7',34),(1707,'7',35),(1757,'7',36),(1807,'7',37),(1857,'7',38),(1907,'7',39),(1957,'7',40),(2007,'7',41),(2057,'7',42),(2107,'7',43),(2157,'7',44),(2207,'7',45),(2257,'7',46),(2307,'7',47),(2357,'7',48),(2407,'7',49),(2457,'7',50),(2507,'7',51),(2557,'7',52),(2607,'7',53),(2657,'7',54),(2707,'7',55),(2757,'7',56),(2807,'7',57),(2857,'7',58),(2907,'7',59),(2957,'7',60),(3007,'7',61),(3057,'7',62),(3107,'7',63),(3157,'7',64),(3207,'7',65),(3257,'7',66),(3307,'7',67),(3357,'7',68),(3407,'7',69),(3457,'7',70),(3507,'7',71),(3557,'7',72),(3607,'7',73),(3657,'7',74),(3707,'7',75),(3757,'7',76),(3807,'7',77),(3857,'7',78),(3907,'7',79),(3957,'7',80),(4007,'7',81),(4057,'7',82),(4107,'7',83),(4157,'7',84),(4207,'7',85),(4257,'7',86),(4307,'7',87),(4357,'7',88),(4407,'7',89),(4457,'7',90),(4507,'7',91),(4557,'7',92),(4607,'7',93),(4657,'7',94),(4707,'7',95),(4757,'7',96),(4807,'7',97),(4857,'7',98),(4907,'7',99),(4957,'7',100),(8,'8',1),(58,'8',2),(108,'8',3),(158,'8',4),(208,'8',5),(258,'8',6),(308,'8',7),(358,'8',8),(408,'8',9),(458,'8',10),(508,'8',11),(558,'8',12),(608,'8',13),(658,'8',14),(708,'8',15),(758,'8',16),(808,'8',17),(858,'8',18),(908,'8',19),(958,'8',20),(1008,'8',21),(1058,'8',22),(1108,'8',23),(1158,'8',24),(1208,'8',25),(1258,'8',26),(1308,'8',27),(1358,'8',28),(1408,'8',29),(1458,'8',30),(1508,'8',31),(1558,'8',32),(1608,'8',33),(1658,'8',34),(1708,'8',35),(1758,'8',36),(1808,'8',37),(1858,'8',38),(1908,'8',39),(1958,'8',40),(2008,'8',41),(2058,'8',42),(2108,'8',43),(2158,'8',44),(2208,'8',45),(2258,'8',46),(2308,'8',47),(2358,'8',48),(2408,'8',49),(2458,'8',50),(2508,'8',51),(2558,'8',52),(2608,'8',53),(2658,'8',54),(2708,'8',55),(2758,'8',56),(2808,'8',57),(2858,'8',58),(2908,'8',59),(2958,'8',60),(3008,'8',61),(3058,'8',62),(3108,'8',63),(3158,'8',64),(3208,'8',65),(3258,'8',66),(3308,'8',67),(3358,'8',68),(3408,'8',69),(3458,'8',70),(3508,'8',71),(3558,'8',72),(3608,'8',73),(3658,'8',74),(3708,'8',75),(3758,'8',76),(3808,'8',77),(3858,'8',78),(3908,'8',79),(3958,'8',80),(4008,'8',81),(4058,'8',82),(4108,'8',83),(4158,'8',84),(4208,'8',85),(4258,'8',86),(4308,'8',87),(4358,'8',88),(4408,'8',89),(4458,'8',90),(4508,'8',91),(4558,'8',92),(4608,'8',93),(4658,'8',94),(4708,'8',95),(4758,'8',96),(4808,'8',97),(4858,'8',98),(4908,'8',99),(4958,'8',100),(9,'9',1),(59,'9',2),(109,'9',3),(159,'9',4),(209,'9',5),(259,'9',6),(309,'9',7),(359,'9',8),(409,'9',9),(459,'9',10),(509,'9',11),(559,'9',12),(609,'9',13),(659,'9',14),(709,'9',15),(759,'9',16),(809,'9',17),(859,'9',18),(909,'9',19),(959,'9',20),(1009,'9',21),(1059,'9',22),(1109,'9',23),(1159,'9',24),(1209,'9',25),(1259,'9',26),(1309,'9',27),(1359,'9',28),(1409,'9',29),(1459,'9',30),(1509,'9',31),(1559,'9',32),(1609,'9',33),(1659,'9',34),(1709,'9',35),(1759,'9',36),(1809,'9',37),(1859,'9',38),(1909,'9',39),(1959,'9',40),(2009,'9',41),(2059,'9',42),(2109,'9',43),(2159,'9',44),(2209,'9',45),(2259,'9',46),(2309,'9',47),(2359,'9',48),(2409,'9',49),(2459,'9',50),(2509,'9',51),(2559,'9',52),(2609,'9',53),(2659,'9',54),(2709,'9',55),(2759,'9',56),(2809,'9',57),(2859,'9',58),(2909,'9',59),(2959,'9',60),(3009,'9',61),(3059,'9',62),(3109,'9',63),(3159,'9',64),(3209,'9',65),(3259,'9',66),(3309,'9',67),(3359,'9',68),(3409,'9',69),(3459,'9',70),(3509,'9',71),(3559,'9',72),(3609,'9',73),(3659,'9',74),(3709,'9',75),(3759,'9',76),(3809,'9',77),(3859,'9',78),(3909,'9',79),(3959,'9',80),(4009,'9',81),(4059,'9',82),(4109,'9',83),(4159,'9',84),(4209,'9',85),(4259,'9',86),(4309,'9',87),(4359,'9',88),(4409,'9',89),(4459,'9',90),(4509,'9',91),(4559,'9',92),(4609,'9',93),(4659,'9',94),(4709,'9',95),(4759,'9',96),(4809,'9',97),(4859,'9',98),(4909,'9',99),(4959,'9',100);
/*!40000 ALTER TABLE `bus_station_seat` ENABLE KEYS */;
UNLOCK TABLES;

--
-- Table structure for table `bus_station_site`
--

DROP TABLE IF EXISTS `bus_station_site`;
/*!40101 SET @saved_cs_client     = @@character_set_client */;
/*!50503 SET character_set_client = utf8mb4 */;
CREATE TABLE `bus_station_site` (
  `id` bigint NOT NULL AUTO_INCREMENT,
  `name` varchar(50) COLLATE utf8mb4_unicode_ci NOT NULL,
  PRIMARY KEY (`id`),
  UNIQUE KEY `name` (`name`)
) ENGINE=InnoDB AUTO_INCREMENT=63 DEFAULT CHARSET=utf8mb4 COLLATE=utf8mb4_unicode_ci;
/*!40101 SET character_set_client = @saved_cs_client */;

--
-- Dumping data for table `bus_station_site`
--

LOCK TABLES `bus_station_site` WRITE;
/*!40000 ALTER TABLE `bus_station_site` DISABLE KEYS */;
INSERT INTO `bus_station_site` VALUES (16,'An Giang'),(6,'Bà Rịa - Vũng Tàu'),(3,'Bắc Giang'),(38,'Bắc Kạn'),(9,'Bạc Liêu'),(36,'Bắc Ninh'),(14,'Bến Tre'),(61,'Bình Dương'),(62,'Bình Định'),(21,'Bình Phước'),(41,'Bình Thuận'),(59,'Cà Mau'),(19,'Cần Thơ'),(32,'Cao Bằng'),(12,'Đà Lạt'),(18,'Đà Nẵng'),(39,'Đắk Lắk'),(51,'Đắk Nông'),(8,'Điện Biên'),(46,'Đồng Nai'),(13,'Đồng Tháp'),(60,'Gia Lai'),(47,'Hà Giang'),(52,'Hà Nội'),(20,'Hà Tĩnh'),(10,'Hải Dương'),(22,'Hải Phòng'),(23,'Hậu Giang'),(11,'Hồ Chí Minh'),(28,'Hòa Bình'),(27,'Hưng Yên'),(2,'Khánh Hòa'),(4,'Kiên Giang'),(26,'Kon Tum'),(33,'Lai Châu'),(17,'Lâm Đồng'),(43,'Lạng Sơn'),(44,'Lào Cai'),(45,'Long An'),(24,'Nam Định'),(50,'Nghệ An'),(1,'Ninh Bình'),(40,'Ninh Thuận'),(31,'Phú Thọ'),(29,'Phú Yên'),(37,'Quảng Bình'),(34,'Quảng Nam'),(55,'Quảng Ngãi'),(42,'Quảng Ninh'),(53,'Quảng Trị'),(56,'Sóc Trăng'),(58,'Sơn La'),(5,'Tây Ninh'),(57,'Thái Bình'),(15,'Thái Nguyên'),(35,'Thanh Hóa'),(7,'Thừa Thiên Huế'),(49,'Tiền Giang'),(30,'Trà Vinh'),(25,'Tuyên Quang'),(48,'Vĩnh Long'),(54,'Yên Bái');
/*!40000 ALTER TABLE `bus_station_site` ENABLE KEYS */;
UNLOCK TABLES;

--
-- Table structure for table `bus_station_station`
--

DROP TABLE IF EXISTS `bus_station_station`;
/*!40101 SET @saved_cs_client     = @@character_set_client */;
/*!50503 SET character_set_client = utf8mb4 */;
CREATE TABLE `bus_station_station` (
  `id` bigint NOT NULL AUTO_INCREMENT,
  `name` varchar(50) COLLATE utf8mb4_unicode_ci NOT NULL,
  `map_location` longtext COLLATE utf8mb4_unicode_ci NOT NULL,
  `site_id` bigint NOT NULL,
  PRIMARY KEY (`id`),
  KEY `bus_station_station_site_id_25469af1_fk_bus_station_site_id` (`site_id`),
  CONSTRAINT `bus_station_station_site_id_25469af1_fk_bus_station_site_id` FOREIGN KEY (`site_id`) REFERENCES `bus_station_site` (`id`)
) ENGINE=InnoDB AUTO_INCREMENT=4 DEFAULT CHARSET=utf8mb4 COLLATE=utf8mb4_unicode_ci;
/*!40101 SET character_set_client = @saved_cs_client */;

--
-- Dumping data for table `bus_station_station`
--

LOCK TABLES `bus_station_station` WRITE;
/*!40000 ALTER TABLE `bus_station_station` DISABLE KEYS */;
INSERT INTO `bus_station_station` VALUES (1,'Bến xe liên tỉnh Đà Lạt','https://www.google.com/maps/embed?pb=!1m18!1m12!1m3!1d3903.6856516254898!2d108.44319807590006!3d11.92695093691797!2m3!1f0!2f0!3f0!3m2!1i1024!2i768!4f13.1!3m3!1m2!1s0x31711340aeb95b63%3A0x2267a9067bb4c833!2zQuG6v24geGUgTGnDqm4gdOG7iW5oIMSQw6AgTOG6oXQ!5e0!3m2!1svi!2s!4v1722785567394!5m2!1svi!2s',12),(2,'Bến xe miền Đông','https://www.google.com/maps/embed?pb=!1m18!1m12!1m3!1d3918.9550980043073!2d106.70892907589139!3d10.814748258483956!2m3!1f0!2f0!3f0!3m2!1i1024!2i768!4f13.1!3m3!1m2!1s0x31752967105545db%3A0x526fed2133245b62!2zQuG6v24geGUgbWnhu4FuIMSRw7RuZyAtIFPDoGkgR8Oybg!5e0!3m2!1svi!2s!4v1722784529967!5m2!1svi!2s',11),(3,'Bến xe Mỹ Đình','https://www.google.com/maps/embed?pb=!1m18!1m12!1m3!1d3724.106239459066!2d105.77569377601979!3d21.02843468778827!2m3!1f0!2f0!3f0!3m2!1i1024!2i768!4f13.1!3m3!1m2!1s0x313454b2f431c099%3A0xe44043bacd461128!2zQuG6v24gWGUgTeG7uSDEkMOsbmg!5e0!3m2!1svi!2s!4v1722784884954!5m2!1svi!2s',52);
/*!40000 ALTER TABLE `bus_station_station` ENABLE KEYS */;
UNLOCK TABLES;

--
-- Table structure for table `bus_station_ticket`
--

DROP TABLE IF EXISTS `bus_station_ticket`;
/*!40101 SET @saved_cs_client     = @@character_set_client */;
/*!50503 SET character_set_client = utf8mb4 */;
CREATE TABLE `bus_station_ticket` (
  `id` bigint NOT NULL AUTO_INCREMENT,
  `created_at` datetime(6) NOT NULL,
  `seat_price` double NOT NULL,
  `seat_code` varchar(20) COLLATE utf8mb4_unicode_ci NOT NULL,
  `paid_at` datetime(6) NOT NULL,
  `customer_id` bigint NOT NULL,
  `payment_method_id` bigint NOT NULL,
  `trip_id` bigint NOT NULL,
  PRIMARY KEY (`id`),
  KEY `bus_station_ticket_customer_id_fd834c21_fk_bus_station_user_id` (`customer_id`),
  KEY `bus_station_ticket_payment_method_id_4d982ef8_fk_bus_stati` (`payment_method_id`),
  KEY `bus_station_ticket_trip_id_aadedf0f_fk_bus_station_trip_id` (`trip_id`),
  CONSTRAINT `bus_station_ticket_customer_id_fd834c21_fk_bus_station_user_id` FOREIGN KEY (`customer_id`) REFERENCES `bus_station_user` (`id`),
  CONSTRAINT `bus_station_ticket_payment_method_id_4d982ef8_fk_bus_stati` FOREIGN KEY (`payment_method_id`) REFERENCES `bus_station_paymentmethod` (`id`),
  CONSTRAINT `bus_station_ticket_trip_id_aadedf0f_fk_bus_station_trip_id` FOREIGN KEY (`trip_id`) REFERENCES `bus_station_trip` (`id`)
) ENGINE=InnoDB AUTO_INCREMENT=1132 DEFAULT CHARSET=utf8mb4 COLLATE=utf8mb4_unicode_ci;
/*!40101 SET character_set_client = @saved_cs_client */;

--
-- Dumping data for table `bus_station_ticket`
--

LOCK TABLES `bus_station_ticket` WRITE;
/*!40000 ALTER TABLE `bus_station_ticket` DISABLE KEYS */;
INSERT INTO `bus_station_ticket` VALUES (1,'2024-08-04 16:18:07.622864',500000,'50','2025-02-02 23:18:07.521451',33,1,1),(2,'2024-08-04 16:18:07.624864',500000,'49','2025-02-16 23:18:07.521451',67,1,1),(3,'2024-08-04 16:18:07.625865',500000,'48','2025-02-09 23:18:07.521451',37,1,1),(4,'2024-08-04 16:18:07.627375',500000,'47','2025-02-23 23:18:07.521451',29,1,1),(5,'2024-08-04 16:18:07.629387',500000,'46','2025-02-16 23:18:07.521451',43,1,1),(6,'2024-08-04 16:18:07.630385',500000,'45','2025-02-16 23:18:07.521451',45,1,1),(7,'2024-08-04 16:18:07.631448',500000,'44','2025-02-09 23:18:07.521451',43,1,1),(8,'2024-08-04 16:18:07.632453',500000,'43','2025-02-09 23:18:07.521451',49,1,1),(9,'2024-08-04 16:18:07.660252',500000,'42','2025-02-02 23:18:07.521451',67,1,1),(10,'2024-08-04 16:18:07.662254',500000,'41','2025-02-16 23:18:07.521451',29,1,1),(11,'2024-08-04 16:18:07.664254',500000,'40','2025-02-02 23:18:07.521451',76,1,1),(12,'2024-08-04 16:18:07.665254',500000,'39','2025-02-16 23:18:07.521451',76,1,1),(13,'2024-08-04 16:18:07.666825',500000,'38','2025-02-16 23:18:07.521451',58,1,1),(14,'2024-08-04 16:18:07.667776',500000,'37','2025-02-09 23:18:07.521451',37,1,1),(15,'2024-08-04 16:18:07.668777',500000,'36','2025-02-23 23:18:07.521451',2,1,1),(16,'2024-08-04 16:18:07.670775',500000,'35','2025-02-16 23:18:07.521451',60,1,1),(17,'2024-08-04 16:18:07.671775',500000,'34','2025-02-09 23:18:07.521451',90,1,1),(18,'2024-08-04 16:18:07.672775',500000,'33','2025-02-02 23:18:07.521451',36,1,1),(19,'2024-08-04 16:18:07.673775',500000,'32','2025-02-09 23:18:07.521451',75,1,1),(20,'2024-08-04 16:18:07.674774',500000,'31','2025-02-23 23:18:07.521451',15,1,1),(21,'2024-08-04 16:18:07.675774',500000,'30','2025-02-09 23:18:07.521451',33,1,1),(22,'2024-08-04 16:18:07.676774',500000,'29','2025-02-02 23:18:07.521451',43,1,1),(23,'2024-08-04 16:18:07.677282',500000,'28','2025-02-09 23:18:07.521451',97,1,1),(24,'2024-08-04 16:18:07.678292',500000,'27','2025-02-23 23:18:07.521451',60,1,1),(25,'2024-08-04 16:18:07.679293',500000,'26','2025-02-23 23:18:07.521451',56,1,1),(26,'2024-08-04 16:18:07.680293',500000,'25','2025-02-02 23:18:07.521451',36,1,1),(27,'2024-08-04 16:18:07.681292',500000,'24','2025-02-23 23:18:07.521451',89,1,1),(28,'2024-08-04 16:18:07.683291',500000,'23','2025-02-16 23:18:07.521451',22,1,1),(29,'2024-08-04 16:18:07.684291',500000,'22','2025-02-02 23:18:07.521451',97,1,1),(30,'2024-08-04 16:18:07.685292',500000,'21','2025-02-23 23:18:07.521451',60,1,1),(31,'2024-08-04 16:18:07.685355',500000,'20','2025-02-02 23:18:07.521451',58,1,1),(32,'2024-08-04 16:18:07.686865',500000,'19','2025-02-09 23:18:07.521451',23,1,1),(33,'2024-08-04 16:18:07.687874',500000,'18','2025-02-09 23:18:07.521451',37,1,1),(34,'2024-08-04 16:18:07.688876',500000,'17','2025-02-09 23:18:07.521451',10,1,1),(35,'2024-08-04 16:18:07.689874',500000,'16','2025-02-23 23:18:07.521451',31,1,1),(36,'2024-08-04 16:18:07.690874',500000,'15','2025-02-16 23:18:07.521451',33,1,1),(37,'2024-08-04 16:18:07.691874',500000,'14','2025-02-09 23:18:07.521451',96,1,1),(38,'2024-08-04 16:18:07.692876',500000,'13','2025-02-02 23:18:07.521451',11,1,1),(39,'2024-08-04 16:18:07.694875',500000,'12','2025-02-09 23:18:07.521451',58,1,1),(40,'2024-08-04 16:18:07.697385',800000,'50','2025-03-02 23:18:07.524442',96,1,2),(41,'2024-08-04 16:18:07.731478',800000,'49','2025-03-16 23:18:07.524442',100,1,2),(42,'2024-08-04 16:18:07.749570',800000,'48','2025-03-09 23:18:07.524442',23,1,2),(43,'2024-08-04 16:18:07.751568',800000,'47','2025-02-23 23:18:07.524442',81,1,2),(44,'2024-08-04 16:18:07.754570',800000,'46','2025-02-23 23:18:07.524442',75,1,2),(45,'2024-08-04 16:18:07.755568',800000,'45','2025-02-23 23:18:07.524442',35,1,2),(46,'2024-08-04 16:18:07.757141',800000,'44','2025-03-02 23:18:07.524442',63,1,2),(47,'2024-08-04 16:18:07.759190',800000,'43','2025-02-23 23:18:07.524442',15,1,2),(48,'2024-08-04 16:18:07.760191',800000,'42','2025-03-16 23:18:07.524442',15,1,2),(49,'2024-08-04 16:18:07.761189',800000,'41','2025-02-23 23:18:07.524442',15,1,2),(50,'2024-08-04 16:18:07.763191',800000,'40','2025-03-16 23:18:07.524442',89,1,2),(51,'2024-08-04 16:18:07.764192',800000,'39','2025-03-02 23:18:07.524442',38,1,2),(52,'2024-08-04 16:18:07.765190',800000,'38','2025-02-23 23:18:07.524442',23,1,2),(53,'2024-08-04 16:18:07.765190',800000,'37','2025-03-09 23:18:07.524442',31,1,2),(54,'2024-08-04 16:18:07.766700',800000,'36','2025-02-23 23:18:07.524442',10,1,2),(55,'2024-08-04 16:18:07.767709',800000,'35','2025-03-09 23:18:07.524442',38,1,2),(56,'2024-08-04 16:18:07.768711',800000,'34','2025-03-09 23:18:07.524442',63,1,2),(57,'2024-08-04 16:18:07.769711',800000,'33','2025-03-09 23:18:07.524442',32,1,2),(58,'2024-08-04 16:18:07.771711',800000,'32','2025-03-09 23:18:07.524442',43,1,2),(59,'2024-08-04 16:18:07.772711',800000,'31','2025-03-16 23:18:07.524442',60,1,2),(60,'2024-08-04 16:18:07.773710',800000,'30','2025-03-16 23:18:07.524442',31,1,2),(61,'2024-08-04 16:18:07.774710',800000,'29','2025-03-09 23:18:07.524442',33,1,2),(62,'2024-08-04 16:18:07.775711',800000,'28','2025-03-09 23:18:07.524442',89,1,2),(63,'2024-08-04 16:18:07.776710',800000,'27','2025-03-09 23:18:07.524442',60,1,2),(64,'2024-08-04 16:18:07.778231',800000,'26','2025-03-09 23:18:07.524442',47,1,2),(65,'2024-08-04 16:18:07.779232',800000,'25','2025-03-16 23:18:07.524442',63,1,2),(66,'2024-08-04 16:18:07.780231',800000,'24','2025-03-16 23:18:07.524442',75,1,2),(67,'2024-08-04 16:18:07.781306',800000,'23','2025-03-02 23:18:07.524442',10,1,2),(68,'2024-08-04 16:18:07.782311',800000,'22','2025-03-02 23:18:07.524442',56,1,2),(69,'2024-08-04 16:18:07.783310',800000,'21','2025-03-09 23:18:07.524442',33,1,2),(70,'2024-08-04 16:18:07.784377',800000,'20','2025-03-02 23:18:07.524442',60,1,2),(71,'2024-08-04 16:18:07.785386',800000,'19','2025-02-23 23:18:07.524442',96,1,2),(72,'2024-08-04 16:18:07.813783',800000,'18','2025-03-09 23:18:07.524442',47,1,2),(73,'2024-08-04 16:18:07.814872',800000,'17','2025-03-16 23:18:07.524442',36,1,2),(74,'2024-08-04 16:18:07.816903',800000,'16','2025-03-16 23:18:07.524442',10,1,2),(75,'2024-08-04 16:18:07.817510',800000,'15','2025-03-16 23:18:07.524442',32,1,2),(76,'2024-08-04 16:18:07.818590',800000,'14','2025-03-02 23:18:07.524442',100,1,2),(77,'2024-08-04 16:18:07.819663',800000,'13','2025-02-23 23:18:07.524442',22,1,2),(78,'2024-08-04 16:18:07.820719',800000,'12','2025-03-16 23:18:07.524442',38,1,2),(79,'2024-08-04 16:18:07.823794',600000,'50','2025-06-01 23:18:07.525442',32,1,3),(80,'2024-08-04 16:18:07.825794',600000,'49','2025-06-08 23:18:07.525442',31,1,3),(81,'2024-08-04 16:18:07.826795',600000,'48','2025-06-08 23:18:07.525442',33,1,3),(82,'2024-08-04 16:18:07.828202',600000,'47','2025-06-01 23:18:07.525442',59,1,3),(83,'2024-08-04 16:18:07.829205',600000,'46','2025-06-01 23:18:07.525442',11,1,3),(84,'2024-08-04 16:18:07.831272',600000,'45','2025-05-18 23:18:07.525442',38,1,3),(85,'2024-08-04 16:18:07.832277',600000,'44','2025-05-18 23:18:07.525442',22,1,3),(86,'2024-08-04 16:18:07.833277',600000,'43','2025-05-18 23:18:07.525442',97,1,3),(87,'2024-08-04 16:18:07.835412',600000,'42','2025-06-01 23:18:07.525442',96,1,3),(88,'2024-08-04 16:18:07.836976',600000,'41','2025-06-08 23:18:07.525442',56,1,3),(89,'2024-08-04 16:18:07.838084',600000,'40','2025-05-18 23:18:07.525442',29,1,3),(90,'2024-08-04 16:18:07.839152',600000,'39','2025-06-01 23:18:07.525442',75,1,3),(91,'2024-08-04 16:18:07.840215',600000,'38','2025-06-01 23:18:07.525442',69,1,3),(92,'2024-08-04 16:18:07.841278',600000,'37','2025-05-25 23:18:07.525442',97,1,3),(93,'2024-08-04 16:18:07.842346',600000,'36','2025-06-01 23:18:07.525442',63,1,3),(94,'2024-08-04 16:18:07.843404',600000,'35','2025-05-18 23:18:07.525442',2,1,3),(95,'2024-08-04 16:18:07.844469',600000,'34','2025-06-08 23:18:07.525442',68,1,3),(96,'2024-08-04 16:18:07.845529',600000,'33','2025-05-25 23:18:07.525442',29,1,3),(97,'2024-08-04 16:18:07.845529',600000,'32','2025-06-08 23:18:07.525442',33,1,3),(98,'2024-08-04 16:18:07.847103',600000,'31','2025-06-08 23:18:07.525442',47,1,3),(99,'2024-08-04 16:18:07.848167',600000,'30','2025-06-01 23:18:07.525442',47,1,3),(100,'2024-08-04 16:18:07.850236',600000,'29','2025-06-01 23:18:07.525442',66,1,3),(101,'2024-08-04 16:18:07.851300',600000,'28','2025-05-18 23:18:07.525442',37,1,3),(102,'2024-08-04 16:18:07.851357',600000,'27','2025-05-18 23:18:07.525442',76,1,3),(103,'2024-08-04 16:18:07.853426',600000,'26','2025-05-18 23:18:07.525442',60,1,3),(104,'2024-08-04 16:18:07.885572',600000,'25','2025-05-25 23:18:07.525442',35,1,3),(105,'2024-08-04 16:18:07.888123',600000,'24','2025-05-25 23:18:07.525442',38,1,3),(106,'2024-08-04 16:18:07.890124',600000,'23','2025-05-18 23:18:07.525442',83,1,3),(107,'2024-08-04 16:18:07.891134',600000,'22','2025-06-08 23:18:07.525442',76,1,3),(108,'2024-08-04 16:18:07.892174',600000,'21','2025-05-18 23:18:07.525442',29,1,3),(109,'2024-08-04 16:18:07.893141',600000,'20','2025-06-08 23:18:07.525442',90,1,3),(110,'2024-08-04 16:18:07.894140',600000,'19','2025-06-01 23:18:07.525442',10,1,3),(111,'2024-08-04 16:18:07.895140',600000,'18','2025-06-01 23:18:07.525442',60,1,3),(112,'2024-08-04 16:18:07.895140',600000,'17','2025-06-01 23:18:07.525442',47,1,3),(113,'2024-08-04 16:18:07.896644',600000,'16','2025-05-25 23:18:07.525442',90,1,3),(114,'2024-08-04 16:18:07.897650',600000,'15','2025-06-08 23:18:07.525442',22,1,3),(115,'2024-08-04 16:18:07.899650',600000,'14','2025-06-01 23:18:07.525442',43,1,3),(116,'2024-08-04 16:18:07.900650',600000,'13','2025-06-01 23:18:07.525442',90,1,3),(117,'2024-08-04 16:18:07.901655',600000,'12','2025-06-08 23:18:07.525442',96,1,3),(118,'2024-08-04 16:18:07.902650',900000,'50','2025-04-13 23:18:07.527953',75,1,4),(119,'2024-08-04 16:18:07.905163',900000,'49','2025-04-06 23:18:07.527953',69,1,4),(120,'2024-08-04 16:18:07.906668',900000,'48','2025-04-06 23:18:07.527953',76,1,4),(121,'2024-08-04 16:18:07.907748',900000,'47','2025-04-06 23:18:07.527953',97,1,4),(122,'2024-08-04 16:18:07.908748',900000,'46','2025-04-06 23:18:07.527953',43,1,4),(123,'2024-08-04 16:18:07.909844',900000,'45','2025-04-20 23:18:07.527953',11,1,4),(124,'2024-08-04 16:18:07.910910',900000,'44','2025-04-13 23:18:07.527953',15,1,4),(125,'2024-08-04 16:18:07.911917',900000,'43','2025-04-13 23:18:07.527953',23,1,4),(126,'2024-08-04 16:18:07.912916',900000,'42','2025-04-20 23:18:07.527953',23,1,4),(127,'2024-08-04 16:18:07.913915',900000,'41','2025-04-27 23:18:07.527953',76,1,4),(128,'2024-08-04 16:18:07.916931',900000,'40','2025-04-20 23:18:07.527953',22,1,4),(129,'2024-08-04 16:18:07.945333',900000,'39','2025-04-20 23:18:07.527953',83,1,4),(130,'2024-08-04 16:18:07.947882',900000,'38','2025-04-13 23:18:07.527953',90,1,4),(131,'2024-08-04 16:18:07.949880',900000,'37','2025-04-13 23:18:07.527953',64,1,4),(132,'2024-08-04 16:18:07.951942',900000,'36','2025-04-06 23:18:07.527953',32,1,4),(133,'2024-08-04 16:18:07.953878',900000,'35','2025-04-13 23:18:07.527953',36,1,4),(134,'2024-08-04 16:18:07.954878',900000,'34','2025-04-06 23:18:07.527953',35,1,4),(135,'2024-08-04 16:18:07.955879',900000,'33','2025-04-13 23:18:07.527953',67,1,4),(136,'2024-08-04 16:18:07.956879',900000,'32','2025-04-27 23:18:07.527953',23,1,4),(137,'2024-08-04 16:18:07.958019',900000,'31','2025-04-27 23:18:07.527953',33,1,4),(138,'2024-08-04 16:18:07.959018',900000,'30','2025-04-13 23:18:07.527953',37,1,4),(139,'2024-08-04 16:18:07.960038',900000,'29','2025-04-27 23:18:07.527953',36,1,4),(140,'2024-08-04 16:18:07.961019',900000,'28','2025-04-13 23:18:07.527953',15,1,4),(141,'2024-08-04 16:18:07.963018',900000,'27','2025-04-13 23:18:07.527953',38,1,4),(142,'2024-08-04 16:18:07.964039',900000,'26','2025-04-06 23:18:07.527953',32,1,4),(143,'2024-08-04 16:18:07.965019',900000,'25','2025-04-13 23:18:07.527953',82,1,4),(144,'2024-08-04 16:18:07.966019',900000,'24','2025-04-27 23:18:07.527953',43,1,4),(145,'2024-08-04 16:18:07.967020',900000,'23','2025-04-20 23:18:07.527953',33,1,4),(146,'2024-08-04 16:18:07.969405',900000,'22','2025-04-27 23:18:07.527953',69,1,4),(147,'2024-08-04 16:18:07.970417',900000,'21','2025-04-27 23:18:07.527953',47,1,4),(148,'2024-08-04 16:18:07.971424',900000,'20','2025-04-13 23:18:07.527953',58,1,4),(149,'2024-08-04 16:18:07.972423',900000,'19','2025-04-20 23:18:07.527953',22,1,4),(150,'2024-08-04 16:18:07.973420',900000,'18','2025-04-06 23:18:07.527953',81,1,4),(151,'2024-08-04 16:18:07.976925',900000,'17','2025-04-06 23:18:07.527953',89,1,4),(152,'2024-08-04 16:18:07.979955',900000,'16','2025-04-06 23:18:07.527953',31,1,4),(153,'2024-08-04 16:18:07.987467',900000,'15','2025-04-27 23:18:07.527953',47,1,4),(154,'2024-08-04 16:18:07.990492',900000,'14','2025-04-13 23:18:07.527953',58,1,4),(155,'2024-08-04 16:18:07.994498',900000,'13','2025-04-20 23:18:07.527953',81,1,4),(156,'2024-08-04 16:18:07.998025',900000,'12','2025-04-20 23:18:07.527953',81,1,4),(157,'2024-08-04 16:18:08.002114',600000,'50','2025-04-20 23:18:07.529961',100,1,5),(158,'2024-08-04 16:18:08.004078',600000,'49','2025-04-20 23:18:07.529961',32,1,5),(159,'2024-08-04 16:18:08.005405',600000,'48','2025-05-04 23:18:07.529961',64,1,5),(160,'2024-08-04 16:18:08.007026',600000,'47','2025-04-20 23:18:07.529961',36,1,5),(161,'2024-08-04 16:18:08.043292',600000,'46','2025-05-04 23:18:07.529961',89,1,5),(162,'2024-08-04 16:18:08.045336',600000,'45','2025-05-11 23:18:07.529961',2,1,5),(163,'2024-08-04 16:18:08.047875',600000,'44','2025-04-20 23:18:07.529961',26,1,5),(164,'2024-08-04 16:18:08.048874',600000,'43','2025-05-04 23:18:07.529961',32,1,5),(165,'2024-08-04 16:18:08.049874',600000,'42','2025-05-11 23:18:07.529961',29,1,5),(166,'2024-08-04 16:18:08.050874',600000,'41','2025-04-20 23:18:07.529961',33,1,5),(167,'2024-08-04 16:18:08.051874',600000,'40','2025-05-04 23:18:07.529961',59,1,5),(168,'2024-08-04 16:18:08.052874',600000,'39','2025-04-20 23:18:07.529961',76,1,5),(169,'2024-08-04 16:18:08.053874',600000,'38','2025-05-04 23:18:07.529961',47,1,5),(170,'2024-08-04 16:18:08.054876',600000,'37','2025-05-11 23:18:07.529961',58,1,5),(171,'2024-08-04 16:18:08.055874',600000,'36','2025-04-27 23:18:07.529961',11,1,5),(172,'2024-08-04 16:18:08.056875',600000,'35','2025-04-27 23:18:07.529961',64,1,5),(173,'2024-08-04 16:18:08.059128',600000,'34','2025-04-20 23:18:07.529961',82,1,5),(174,'2024-08-04 16:18:08.060135',600000,'33','2025-05-04 23:18:07.529961',63,1,5),(175,'2024-08-04 16:18:08.061142',600000,'32','2025-05-11 23:18:07.529961',83,1,5),(176,'2024-08-04 16:18:08.063143',600000,'31','2025-04-27 23:18:07.529961',89,1,5),(177,'2024-08-04 16:18:08.064142',600000,'30','2025-05-04 23:18:07.529961',36,1,5),(178,'2024-08-04 16:18:08.065143',600000,'29','2025-05-04 23:18:07.529961',10,1,5),(179,'2024-08-04 16:18:08.066661',600000,'28','2025-05-04 23:18:07.529961',2,1,5),(180,'2024-08-04 16:18:08.067692',600000,'27','2025-04-20 23:18:07.529961',31,1,5),(181,'2024-08-04 16:18:08.068674',600000,'26','2025-04-27 23:18:07.529961',66,1,5),(182,'2024-08-04 16:18:08.069674',600000,'25','2025-05-04 23:18:07.529961',59,1,5),(183,'2024-08-04 16:18:08.070673',600000,'24','2025-04-27 23:18:07.529961',49,1,5),(184,'2024-08-04 16:18:08.071676',600000,'23','2025-05-04 23:18:07.529961',2,1,5),(185,'2024-08-04 16:18:08.072676',600000,'22','2025-04-27 23:18:07.529961',29,1,5),(186,'2024-08-04 16:18:08.074673',600000,'21','2025-05-11 23:18:07.529961',76,1,5),(187,'2024-08-04 16:18:08.075687',600000,'20','2025-04-27 23:18:07.529961',69,1,5),(188,'2024-08-04 16:18:08.076686',600000,'19','2025-05-11 23:18:07.529961',49,1,5),(189,'2024-08-04 16:18:08.077757',600000,'18','2025-05-11 23:18:07.529961',97,1,5),(190,'2024-08-04 16:18:08.078774',600000,'17','2025-04-27 23:18:07.529961',22,1,5),(191,'2024-08-04 16:18:08.079772',600000,'16','2025-05-11 23:18:07.529961',83,1,5),(192,'2024-08-04 16:18:08.112500',600000,'15','2025-04-27 23:18:07.529961',31,1,5),(193,'2024-08-04 16:18:08.114600',600000,'14','2025-05-04 23:18:07.529961',100,1,5),(194,'2024-08-04 16:18:08.115465',600000,'13','2025-04-27 23:18:07.529961',67,1,5),(195,'2024-08-04 16:18:08.117976',600000,'12','2025-05-04 23:18:07.529961',64,1,5),(196,'2024-08-04 16:18:08.120975',600000,'50','2025-03-30 23:18:07.531961',100,1,6),(197,'2024-08-04 16:18:08.121983',600000,'49','2025-03-30 23:18:07.531961',90,1,6),(198,'2024-08-04 16:18:08.123990',600000,'48','2025-03-23 23:18:07.531961',38,1,6),(199,'2024-08-04 16:18:08.124992',600000,'47','2025-04-06 23:18:07.531961',64,1,6),(200,'2024-08-04 16:18:08.127020',600000,'46','2025-03-30 23:18:07.531961',22,1,6),(201,'2024-08-04 16:18:08.127530',600000,'45','2025-03-30 23:18:07.531961',15,1,6),(202,'2024-08-04 16:18:08.128538',600000,'44','2025-04-06 23:18:07.531961',67,1,6),(203,'2024-08-04 16:18:08.129536',600000,'43','2025-03-16 23:18:07.531961',45,1,6),(204,'2024-08-04 16:18:08.131535',600000,'42','2025-04-06 23:18:07.531961',83,1,6),(205,'2024-08-04 16:18:08.132612',600000,'41','2025-03-30 23:18:07.531961',2,1,6),(206,'2024-08-04 16:18:08.133627',600000,'40','2025-03-16 23:18:07.531961',97,1,6),(207,'2024-08-04 16:18:08.134613',600000,'39','2025-03-30 23:18:07.531961',81,1,6),(208,'2024-08-04 16:18:08.135613',600000,'38','2025-03-23 23:18:07.531961',15,1,6),(209,'2024-08-04 16:18:08.136637',600000,'37','2025-04-06 23:18:07.531961',32,1,6),(210,'2024-08-04 16:18:08.137695',600000,'36','2025-04-06 23:18:07.531961',49,1,6),(211,'2024-08-04 16:18:08.138682',600000,'35','2025-03-30 23:18:07.531961',89,1,6),(212,'2024-08-04 16:18:08.139731',600000,'34','2025-04-06 23:18:07.531961',23,1,6),(213,'2024-08-04 16:18:08.140752',600000,'33','2025-03-30 23:18:07.531961',43,1,6),(214,'2024-08-04 16:18:08.141752',600000,'32','2025-04-06 23:18:07.531961',47,1,6),(215,'2024-08-04 16:18:08.142756',600000,'31','2025-03-30 23:18:07.531961',69,1,6),(216,'2024-08-04 16:18:08.143756',600000,'30','2025-04-06 23:18:07.531961',96,1,6),(217,'2024-08-04 16:18:08.144737',600000,'29','2025-03-23 23:18:07.531961',11,1,6),(218,'2024-08-04 16:18:08.145738',600000,'28','2025-03-16 23:18:07.531961',47,1,6),(219,'2024-08-04 16:18:08.147791',600000,'27','2025-04-06 23:18:07.531961',37,1,6),(220,'2024-08-04 16:18:08.148816',600000,'26','2025-03-30 23:18:07.531961',60,1,6),(221,'2024-08-04 16:18:08.150870',600000,'25','2025-03-30 23:18:07.531961',90,1,6),(222,'2024-08-04 16:18:08.152823',600000,'24','2025-04-06 23:18:07.531961',35,1,6),(223,'2024-08-04 16:18:08.153825',600000,'23','2025-04-06 23:18:07.531961',33,1,6),(224,'2024-08-04 16:18:08.154821',600000,'22','2025-04-06 23:18:07.531961',76,1,6),(225,'2024-08-04 16:18:08.155822',600000,'21','2025-03-30 23:18:07.531961',11,1,6),(226,'2024-08-04 16:18:08.156841',600000,'20','2025-04-06 23:18:07.531961',69,1,6),(227,'2024-08-04 16:18:08.157908',600000,'19','2025-03-30 23:18:07.531961',81,1,6),(228,'2024-08-04 16:18:08.159010',600000,'18','2025-03-23 23:18:07.531961',29,1,6),(229,'2024-08-04 16:18:08.160064',600000,'17','2025-03-23 23:18:07.531961',66,1,6),(230,'2024-08-04 16:18:08.161052',600000,'16','2025-03-16 23:18:07.531961',29,1,6),(231,'2024-08-04 16:18:08.162052',600000,'15','2025-03-30 23:18:07.531961',2,1,6),(232,'2024-08-04 16:18:08.163051',600000,'14','2025-03-30 23:18:07.531961',59,1,6),(233,'2024-08-04 16:18:08.164051',600000,'13','2025-03-23 23:18:07.531961',73,1,6),(234,'2024-08-04 16:18:08.166051',600000,'12','2025-04-06 23:18:07.531961',100,1,6),(235,'2024-08-04 16:18:08.168226',900000,'50','2025-06-08 23:18:07.564730',68,1,7),(236,'2024-08-04 16:18:08.169224',900000,'49','2025-06-08 23:18:07.564730',63,1,7),(237,'2024-08-04 16:18:08.170260',900000,'48','2025-06-08 23:18:07.564730',63,1,7),(238,'2024-08-04 16:18:08.171276',900000,'47','2025-06-08 23:18:07.564730',73,1,7),(239,'2024-08-04 16:18:08.172289',900000,'46','2025-06-08 23:18:07.564730',60,1,7),(240,'2024-08-04 16:18:08.173301',900000,'45','2025-06-15 23:18:07.564730',22,1,7),(241,'2024-08-04 16:18:08.174306',900000,'44','2025-06-08 23:18:07.564730',68,1,7),(242,'2024-08-04 16:18:08.175307',900000,'43','2025-06-22 23:18:07.564730',10,1,7),(243,'2024-08-04 16:18:08.176811',900000,'42','2025-06-01 23:18:07.564730',83,1,7),(244,'2024-08-04 16:18:08.177819',900000,'41','2025-06-01 23:18:07.564730',36,1,7),(245,'2024-08-04 16:18:08.178817',900000,'40','2025-06-08 23:18:07.564730',73,1,7),(246,'2024-08-04 16:18:08.179816',900000,'39','2025-06-15 23:18:07.564730',35,1,7),(247,'2024-08-04 16:18:08.180817',900000,'38','2025-06-01 23:18:07.564730',56,1,7),(248,'2024-08-04 16:18:08.181817',900000,'37','2025-06-08 23:18:07.564730',56,1,7),(249,'2024-08-04 16:18:08.183816',900000,'36','2025-06-22 23:18:07.564730',60,1,7),(250,'2024-08-04 16:18:08.211557',900000,'35','2025-06-08 23:18:07.564730',29,1,7),(251,'2024-08-04 16:18:08.212556',900000,'34','2025-06-15 23:18:07.564730',81,1,7),(252,'2024-08-04 16:18:08.214557',900000,'33','2025-06-15 23:18:07.564730',47,1,7),(253,'2024-08-04 16:18:08.215555',900000,'32','2025-06-22 23:18:07.564730',83,1,7),(254,'2024-08-04 16:18:08.217096',900000,'31','2025-06-15 23:18:07.564730',66,1,7),(255,'2024-08-04 16:18:08.218102',900000,'30','2025-06-15 23:18:07.564730',2,1,7),(256,'2024-08-04 16:18:08.219114',900000,'29','2025-06-15 23:18:07.564730',23,1,7),(257,'2024-08-04 16:18:08.220114',900000,'28','2025-06-01 23:18:07.564730',89,1,7),(258,'2024-08-04 16:18:08.221114',900000,'27','2025-06-08 23:18:07.564730',33,1,7),(259,'2024-08-04 16:18:08.222122',900000,'26','2025-06-22 23:18:07.564730',33,1,7),(260,'2024-08-04 16:18:08.223126',900000,'25','2025-06-22 23:18:07.564730',32,1,7),(261,'2024-08-04 16:18:08.224125',900000,'24','2025-06-15 23:18:07.564730',31,1,7),(262,'2024-08-04 16:18:08.227650',900000,'23','2025-06-22 23:18:07.564730',10,1,7),(263,'2024-08-04 16:18:08.231670',900000,'22','2025-06-01 23:18:07.564730',68,1,7),(264,'2024-08-04 16:18:08.234664',900000,'21','2025-06-08 23:18:07.564730',45,1,7),(265,'2024-08-04 16:18:08.237176',900000,'20','2025-06-22 23:18:07.564730',76,1,7),(266,'2024-08-04 16:18:08.243205',900000,'19','2025-06-08 23:18:07.564730',32,1,7),(267,'2024-08-04 16:18:08.245423',900000,'18','2025-06-15 23:18:07.564730',100,1,7),(268,'2024-08-04 16:18:08.247991',900000,'17','2025-06-08 23:18:07.564730',89,1,7),(269,'2024-08-04 16:18:08.249949',900000,'16','2025-06-15 23:18:07.564730',89,1,7),(270,'2024-08-04 16:18:08.251935',900000,'15','2025-06-15 23:18:07.564730',2,1,7),(271,'2024-08-04 16:18:08.252951',900000,'14','2025-06-15 23:18:07.564730',73,1,7),(272,'2024-08-04 16:18:08.253935',900000,'13','2025-06-15 23:18:07.564730',45,1,7),(273,'2024-08-04 16:18:08.254935',900000,'12','2025-06-01 23:18:07.564730',23,1,7),(274,'2024-08-04 16:18:08.256936',1000000,'50','2024-12-22 23:18:07.568270',36,1,8),(275,'2024-08-04 16:18:08.258460',1000000,'49','2024-12-22 23:18:07.568270',32,1,8),(276,'2024-08-04 16:18:08.259446',1000000,'48','2024-12-22 23:18:07.568270',66,1,8),(277,'2024-08-04 16:18:08.260492',1000000,'47','2024-12-22 23:18:07.568270',29,1,8),(278,'2024-08-04 16:18:08.261547',1000000,'46','2024-12-22 23:18:07.568270',76,1,8),(279,'2024-08-04 16:18:08.262571',1000000,'45','2024-12-22 23:18:07.568270',56,1,8),(280,'2024-08-04 16:18:08.263568',1000000,'44','2024-12-08 23:18:07.568270',58,1,8),(281,'2024-08-04 16:18:08.295500',1000000,'43','2024-12-22 23:18:07.568270',81,1,8),(282,'2024-08-04 16:18:08.298142',1000000,'42','2024-12-29 23:18:07.568270',66,1,8),(283,'2024-08-04 16:18:08.300274',1000000,'41','2024-12-15 23:18:07.568270',76,1,8),(284,'2024-08-04 16:18:08.302155',1000000,'40','2024-12-15 23:18:07.568270',38,1,8),(285,'2024-08-04 16:18:08.303154',1000000,'39','2024-12-29 23:18:07.568270',38,1,8),(286,'2024-08-04 16:18:08.303154',1000000,'38','2024-12-22 23:18:07.568270',100,1,8),(287,'2024-08-04 16:18:08.304665',1000000,'37','2024-12-08 23:18:07.568270',58,1,8),(288,'2024-08-04 16:18:08.305677',1000000,'36','2024-12-08 23:18:07.568270',67,1,8),(289,'2024-08-04 16:18:08.306676',1000000,'35','2024-12-29 23:18:07.568270',81,1,8),(290,'2024-08-04 16:18:08.307743',1000000,'34','2024-12-08 23:18:07.568270',31,1,8),(291,'2024-08-04 16:18:08.308743',1000000,'33','2024-12-08 23:18:07.568270',68,1,8),(292,'2024-08-04 16:18:08.309743',1000000,'32','2024-12-29 23:18:07.568270',56,1,8),(293,'2024-08-04 16:18:08.311796',1000000,'31','2024-12-08 23:18:07.568270',76,1,8),(294,'2024-08-04 16:18:08.312790',1000000,'30','2024-12-15 23:18:07.568270',69,1,8),(295,'2024-08-04 16:18:08.313832',1000000,'29','2024-12-22 23:18:07.568270',47,1,8),(296,'2024-08-04 16:18:08.314835',1000000,'28','2024-12-08 23:18:07.568270',66,1,8),(297,'2024-08-04 16:18:08.316796',1000000,'27','2024-12-15 23:18:07.568270',47,1,8),(298,'2024-08-04 16:18:08.317863',1000000,'26','2024-12-15 23:18:07.568270',100,1,8),(299,'2024-08-04 16:18:08.318857',1000000,'25','2024-12-29 23:18:07.568270',47,1,8),(300,'2024-08-04 16:18:08.319870',1000000,'24','2024-12-22 23:18:07.568270',82,1,8),(301,'2024-08-04 16:18:08.320864',1000000,'23','2024-12-29 23:18:07.568270',45,1,8),(302,'2024-08-04 16:18:08.321864',1000000,'22','2024-12-08 23:18:07.568270',64,1,8),(303,'2024-08-04 16:18:08.322863',1000000,'21','2024-12-22 23:18:07.568270',36,1,8),(304,'2024-08-04 16:18:08.323863',1000000,'20','2024-12-15 23:18:07.568270',60,1,8),(305,'2024-08-04 16:18:08.324863',1000000,'19','2024-12-22 23:18:07.568270',43,1,8),(306,'2024-08-04 16:18:08.325863',1000000,'18','2024-12-22 23:18:07.568270',90,1,8),(307,'2024-08-04 16:18:08.326863',1000000,'17','2024-12-22 23:18:07.568270',36,1,8),(308,'2024-08-04 16:18:08.328095',1000000,'16','2024-12-29 23:18:07.568270',97,1,8),(309,'2024-08-04 16:18:08.329094',1000000,'15','2024-12-08 23:18:07.568270',38,1,8),(310,'2024-08-04 16:18:08.330094',1000000,'14','2024-12-22 23:18:07.568270',76,1,8),(311,'2024-08-04 16:18:08.331171',1000000,'13','2024-12-15 23:18:07.568270',15,1,8),(312,'2024-08-04 16:18:08.359874',1000000,'12','2024-12-22 23:18:07.568270',47,1,8),(313,'2024-08-04 16:18:08.362865',900000,'50','2025-01-26 23:18:07.571263',2,1,9),(314,'2024-08-04 16:18:08.364971',900000,'49','2025-01-26 23:18:07.571263',45,1,9),(315,'2024-08-04 16:18:08.365984',900000,'48','2025-01-05 23:18:07.571263',90,1,9),(316,'2024-08-04 16:18:08.368262',900000,'47','2025-01-12 23:18:07.571263',49,1,9),(317,'2024-08-04 16:18:08.369300',900000,'46','2025-01-12 23:18:07.571263',49,1,9),(318,'2024-08-04 16:18:08.370343',900000,'45','2025-01-05 23:18:07.571263',33,1,9),(319,'2024-08-04 16:18:08.371387',900000,'44','2025-01-26 23:18:07.571263',66,1,9),(320,'2024-08-04 16:18:08.372400',900000,'43','2025-01-19 23:18:07.571263',2,1,9),(321,'2024-08-04 16:18:08.373401',900000,'42','2025-01-19 23:18:07.571263',66,1,9),(322,'2024-08-04 16:18:08.374400',900000,'41','2025-01-26 23:18:07.571263',26,1,9),(323,'2024-08-04 16:18:08.375399',900000,'40','2025-01-26 23:18:07.571263',100,1,9),(324,'2024-08-04 16:18:08.376927',900000,'39','2025-01-05 23:18:07.571263',36,1,9),(325,'2024-08-04 16:18:08.377931',900000,'38','2025-01-05 23:18:07.571263',60,1,9),(326,'2024-08-04 16:18:08.378939',900000,'37','2025-01-05 23:18:07.571263',58,1,9),(327,'2024-08-04 16:18:08.379938',900000,'36','2025-01-19 23:18:07.571263',97,1,9),(328,'2024-08-04 16:18:08.380996',900000,'35','2025-01-05 23:18:07.571263',47,1,9),(329,'2024-08-04 16:18:08.382005',900000,'34','2025-01-12 23:18:07.571263',49,1,9),(330,'2024-08-04 16:18:08.383005',900000,'33','2025-01-19 23:18:07.571263',31,1,9),(331,'2024-08-04 16:18:08.384058',900000,'32','2025-01-19 23:18:07.571263',37,1,9),(332,'2024-08-04 16:18:08.385065',900000,'31','2025-01-12 23:18:07.571263',26,1,9),(333,'2024-08-04 16:18:08.386058',900000,'30','2025-01-19 23:18:07.571263',63,1,9),(334,'2024-08-04 16:18:08.387065',900000,'29','2025-01-12 23:18:07.571263',73,1,9),(335,'2024-08-04 16:18:08.388113',900000,'28','2025-01-05 23:18:07.571263',38,1,9),(336,'2024-08-04 16:18:08.390125',900000,'27','2025-01-12 23:18:07.571263',37,1,9),(337,'2024-08-04 16:18:08.391152',900000,'26','2025-01-05 23:18:07.571263',37,1,9),(338,'2024-08-04 16:18:08.392112',900000,'25','2025-01-12 23:18:07.571263',10,1,9),(339,'2024-08-04 16:18:08.393112',900000,'24','2025-01-12 23:18:07.571263',66,1,9),(340,'2024-08-04 16:18:08.394159',900000,'23','2025-01-05 23:18:07.571263',82,1,9),(341,'2024-08-04 16:18:08.395112',900000,'22','2025-01-19 23:18:07.571263',37,1,9),(342,'2024-08-04 16:18:08.395112',900000,'21','2025-01-12 23:18:07.571263',58,1,9),(343,'2024-08-04 16:18:08.428985',900000,'20','2025-01-12 23:18:07.571263',97,1,9),(344,'2024-08-04 16:18:08.430971',900000,'19','2025-01-05 23:18:07.571263',60,1,9),(345,'2024-08-04 16:18:08.433054',900000,'18','2025-01-19 23:18:07.571263',49,1,9),(346,'2024-08-04 16:18:08.435075',900000,'17','2025-01-26 23:18:07.571263',69,1,9),(347,'2024-08-04 16:18:08.436130',900000,'16','2025-01-26 23:18:07.571263',60,1,9),(348,'2024-08-04 16:18:08.436634',900000,'15','2025-01-05 23:18:07.571263',59,1,9),(349,'2024-08-04 16:18:08.438647',900000,'14','2025-01-26 23:18:07.571263',10,1,9),(350,'2024-08-04 16:18:08.439645',900000,'13','2025-01-26 23:18:07.571263',64,1,9),(351,'2024-08-04 16:18:08.440653',900000,'12','2025-01-26 23:18:07.571263',96,1,9),(352,'2024-08-04 16:18:08.442660',600000,'50','2025-02-02 23:18:07.573264',82,1,10),(353,'2024-08-04 16:18:08.444677',600000,'49','2025-02-09 23:18:07.573264',58,1,10),(354,'2024-08-04 16:18:08.445660',600000,'48','2025-01-26 23:18:07.573264',26,1,10),(355,'2024-08-04 16:18:08.446659',600000,'47','2025-02-02 23:18:07.573264',10,1,10),(356,'2024-08-04 16:18:08.447694',600000,'46','2025-02-16 23:18:07.573264',23,1,10),(357,'2024-08-04 16:18:08.448695',600000,'45','2025-01-26 23:18:07.573264',45,1,10),(358,'2024-08-04 16:18:08.449697',600000,'44','2025-02-02 23:18:07.573264',31,1,10),(359,'2024-08-04 16:18:08.451712',600000,'43','2025-02-02 23:18:07.573264',97,1,10),(360,'2024-08-04 16:18:08.452707',600000,'42','2025-02-02 23:18:07.573264',32,1,10),(361,'2024-08-04 16:18:08.454693',600000,'41','2025-01-26 23:18:07.573264',26,1,10),(362,'2024-08-04 16:18:08.455694',600000,'40','2025-02-09 23:18:07.573264',60,1,10),(363,'2024-08-04 16:18:08.456694',600000,'39','2025-02-02 23:18:07.573264',97,1,10),(364,'2024-08-04 16:18:08.457202',600000,'38','2025-02-16 23:18:07.573264',58,1,10),(365,'2024-08-04 16:18:08.459207',600000,'37','2025-01-26 23:18:07.573264',10,1,10),(366,'2024-08-04 16:18:08.460208',600000,'36','2025-02-02 23:18:07.573264',76,1,10),(367,'2024-08-04 16:18:08.461251',600000,'35','2025-02-16 23:18:07.573264',35,1,10),(368,'2024-08-04 16:18:08.462250',600000,'34','2025-01-26 23:18:07.573264',15,1,10),(369,'2024-08-04 16:18:08.463252',600000,'33','2025-02-02 23:18:07.573264',26,1,10),(370,'2024-08-04 16:18:08.464265',600000,'32','2025-01-26 23:18:07.573264',58,1,10),(371,'2024-08-04 16:18:08.465262',600000,'31','2025-02-09 23:18:07.573264',22,1,10),(372,'2024-08-04 16:18:08.465262',600000,'30','2025-02-02 23:18:07.573264',10,1,10),(373,'2024-08-04 16:18:08.466777',600000,'29','2025-02-16 23:18:07.573264',97,1,10),(374,'2024-08-04 16:18:08.467785',600000,'28','2025-02-02 23:18:07.573264',37,1,10),(375,'2024-08-04 16:18:08.498167',600000,'27','2025-02-02 23:18:07.573264',82,1,10),(376,'2024-08-04 16:18:08.500178',600000,'26','2025-02-02 23:18:07.573264',49,1,10),(377,'2024-08-04 16:18:08.503183',600000,'25','2025-02-09 23:18:07.573264',32,1,10),(378,'2024-08-04 16:18:08.505177',600000,'24','2025-02-02 23:18:07.573264',15,1,10),(379,'2024-08-04 16:18:08.506802',600000,'23','2025-01-26 23:18:07.573264',76,1,10),(380,'2024-08-04 16:18:08.507736',600000,'22','2025-01-26 23:18:07.573264',76,1,10),(381,'2024-08-04 16:18:08.508738',600000,'21','2025-02-09 23:18:07.573264',10,1,10),(382,'2024-08-04 16:18:08.509813',600000,'20','2025-02-02 23:18:07.573264',49,1,10),(383,'2024-08-04 16:18:08.510856',600000,'19','2025-02-16 23:18:07.573264',81,1,10),(384,'2024-08-04 16:18:08.512857',600000,'18','2025-02-16 23:18:07.573264',37,1,10),(385,'2024-08-04 16:18:08.513866',600000,'17','2025-02-09 23:18:07.573264',37,1,10),(386,'2024-08-04 16:18:08.514855',600000,'16','2025-02-09 23:18:07.573264',69,1,10),(387,'2024-08-04 16:18:08.515855',600000,'15','2025-02-02 23:18:07.573264',26,1,10),(388,'2024-08-04 16:18:08.516855',600000,'14','2025-02-02 23:18:07.573264',90,1,10),(389,'2024-08-04 16:18:08.518017',600000,'13','2025-02-09 23:18:07.573264',35,1,10),(390,'2024-08-04 16:18:08.519070',600000,'12','2025-02-02 23:18:07.573264',22,1,10),(391,'2024-08-04 16:18:08.521076',800000,'50','2024-12-29 23:18:07.575264',23,1,11),(392,'2024-08-04 16:18:08.522086',800000,'49','2024-12-29 23:18:07.575264',36,1,11),(393,'2024-08-04 16:18:08.523114',800000,'48','2024-12-29 23:18:07.575264',26,1,11),(394,'2024-08-04 16:18:08.525113',800000,'47','2025-01-05 23:18:07.575264',75,1,11),(395,'2024-08-04 16:18:08.525113',800000,'46','2025-01-19 23:18:07.575264',81,1,11),(396,'2024-08-04 16:18:08.527633',800000,'45','2025-01-05 23:18:07.575264',59,1,11),(397,'2024-08-04 16:18:08.528633',800000,'44','2025-01-12 23:18:07.575264',11,1,11),(398,'2024-08-04 16:18:08.530633',800000,'43','2025-01-12 23:18:07.575264',11,1,11),(399,'2024-08-04 16:18:08.531694',800000,'42','2025-01-19 23:18:07.575264',33,1,11),(400,'2024-08-04 16:18:08.532697',800000,'41','2025-01-19 23:18:07.575264',58,1,11),(401,'2024-08-04 16:18:08.534758',800000,'40','2025-01-19 23:18:07.575264',68,1,11),(402,'2024-08-04 16:18:08.535761',800000,'39','2025-01-12 23:18:07.575264',33,1,11),(403,'2024-08-04 16:18:08.536770',800000,'38','2025-01-05 23:18:07.575264',15,1,11),(404,'2024-08-04 16:18:08.537932',800000,'37','2025-01-19 23:18:07.575264',47,1,11),(405,'2024-08-04 16:18:08.538956',800000,'36','2025-01-05 23:18:07.575264',82,1,11),(406,'2024-08-04 16:18:08.572135',800000,'35','2024-12-29 23:18:07.575264',73,1,11),(407,'2024-08-04 16:18:08.574105',800000,'34','2025-01-19 23:18:07.575264',15,1,11),(408,'2024-08-04 16:18:08.575102',800000,'33','2025-01-12 23:18:07.575264',100,1,11),(409,'2024-08-04 16:18:08.577632',800000,'32','2025-01-19 23:18:07.575264',47,1,11),(410,'2024-08-04 16:18:08.578613',800000,'31','2024-12-29 23:18:07.575264',26,1,11),(411,'2024-08-04 16:18:08.579621',800000,'30','2025-01-19 23:18:07.575264',67,1,11),(412,'2024-08-04 16:18:08.581627',800000,'29','2025-01-12 23:18:07.575264',49,1,11),(413,'2024-08-04 16:18:08.582628',800000,'28','2025-01-05 23:18:07.575264',90,1,11),(414,'2024-08-04 16:18:08.583627',800000,'27','2025-01-05 23:18:07.575264',43,1,11),(415,'2024-08-04 16:18:08.584641',800000,'26','2025-01-19 23:18:07.575264',96,1,11),(416,'2024-08-04 16:18:08.585640',800000,'25','2024-12-29 23:18:07.575264',96,1,11),(417,'2024-08-04 16:18:08.586705',800000,'24','2025-01-05 23:18:07.575264',63,1,11),(418,'2024-08-04 16:18:08.587810',800000,'23','2025-01-19 23:18:07.575264',56,1,11),(419,'2024-08-04 16:18:08.588877',800000,'22','2025-01-12 23:18:07.575264',59,1,11),(420,'2024-08-04 16:18:08.589901',800000,'21','2025-01-05 23:18:07.575264',56,1,11),(421,'2024-08-04 16:18:08.590944',800000,'20','2025-01-19 23:18:07.575264',10,1,11),(422,'2024-08-04 16:18:08.591983',800000,'19','2025-01-05 23:18:07.575264',100,1,11),(423,'2024-08-04 16:18:08.593019',800000,'18','2025-01-19 23:18:07.575264',64,1,11),(424,'2024-08-04 16:18:08.594058',800000,'17','2024-12-29 23:18:07.575264',26,1,11),(425,'2024-08-04 16:18:08.595101',800000,'16','2025-01-12 23:18:07.575264',90,1,11),(426,'2024-08-04 16:18:08.595101',800000,'15','2024-12-29 23:18:07.575264',31,1,11),(427,'2024-08-04 16:18:08.596605',800000,'14','2024-12-29 23:18:07.575264',83,1,11),(428,'2024-08-04 16:18:08.597613',800000,'13','2025-01-19 23:18:07.575264',31,1,11),(429,'2024-08-04 16:18:08.598613',800000,'12','2025-01-12 23:18:07.575264',67,1,11),(430,'2024-08-04 16:18:08.601612',800000,'50','2025-04-27 23:18:07.577787',43,1,12),(431,'2024-08-04 16:18:08.602655',800000,'49','2025-04-06 23:18:07.577787',36,1,12),(432,'2024-08-04 16:18:08.603662',800000,'48','2025-04-06 23:18:07.577787',100,1,12),(433,'2024-08-04 16:18:08.605167',800000,'47','2025-04-13 23:18:07.577787',73,1,12),(434,'2024-08-04 16:18:08.605167',800000,'46','2025-04-20 23:18:07.577787',23,1,12),(435,'2024-08-04 16:18:08.606770',800000,'45','2025-04-20 23:18:07.577787',11,1,12),(436,'2024-08-04 16:18:08.607801',800000,'44','2025-04-27 23:18:07.577787',45,1,12),(437,'2024-08-04 16:18:08.609795',800000,'43','2025-04-06 23:18:07.577787',23,1,12),(438,'2024-08-04 16:18:08.637883',800000,'42','2025-04-13 23:18:07.577787',32,1,12),(439,'2024-08-04 16:18:08.639124',800000,'41','2025-04-27 23:18:07.577787',33,1,12),(440,'2024-08-04 16:18:08.640145',800000,'40','2025-04-27 23:18:07.577787',22,1,12),(441,'2024-08-04 16:18:08.641254',800000,'39','2025-04-06 23:18:07.577787',100,1,12),(442,'2024-08-04 16:18:08.642255',800000,'38','2025-04-13 23:18:07.577787',89,1,12),(443,'2024-08-04 16:18:08.643255',800000,'37','2025-04-06 23:18:07.577787',10,1,12),(444,'2024-08-04 16:18:08.645256',800000,'36','2025-04-20 23:18:07.577787',81,1,12),(445,'2024-08-04 16:18:08.646762',800000,'35','2025-04-27 23:18:07.577787',36,1,12),(446,'2024-08-04 16:18:08.647767',800000,'34','2025-04-13 23:18:07.577787',100,1,12),(447,'2024-08-04 16:18:08.648767',800000,'33','2025-04-06 23:18:07.577787',63,1,12),(448,'2024-08-04 16:18:08.649774',800000,'32','2025-04-27 23:18:07.577787',96,1,12),(449,'2024-08-04 16:18:08.650780',800000,'31','2025-04-06 23:18:07.577787',63,1,12),(450,'2024-08-04 16:18:08.651801',800000,'30','2025-04-13 23:18:07.577787',81,1,12),(451,'2024-08-04 16:18:08.652782',800000,'29','2025-04-06 23:18:07.577787',31,1,12),(452,'2024-08-04 16:18:08.653787',800000,'28','2025-04-20 23:18:07.577787',82,1,12),(453,'2024-08-04 16:18:08.654800',800000,'27','2025-04-27 23:18:07.577787',69,1,12),(454,'2024-08-04 16:18:08.655806',800000,'26','2025-04-20 23:18:07.577787',38,1,12),(455,'2024-08-04 16:18:08.658057',800000,'25','2025-04-20 23:18:07.577787',82,1,12),(456,'2024-08-04 16:18:08.659055',800000,'24','2025-04-06 23:18:07.577787',35,1,12),(457,'2024-08-04 16:18:08.660054',800000,'23','2025-04-06 23:18:07.577787',47,1,12),(458,'2024-08-04 16:18:08.661054',800000,'22','2025-04-27 23:18:07.577787',47,1,12),(459,'2024-08-04 16:18:08.662054',800000,'21','2025-04-13 23:18:07.577787',67,1,12),(460,'2024-08-04 16:18:08.663054',800000,'20','2025-04-13 23:18:07.577787',10,1,12),(461,'2024-08-04 16:18:08.664054',800000,'19','2025-04-06 23:18:07.577787',43,1,12),(462,'2024-08-04 16:18:08.665054',800000,'18','2025-04-27 23:18:07.577787',82,1,12),(463,'2024-08-04 16:18:08.666054',800000,'17','2025-04-13 23:18:07.577787',38,1,12),(464,'2024-08-04 16:18:08.667054',800000,'16','2025-04-06 23:18:07.577787',59,1,12),(465,'2024-08-04 16:18:08.668075',800000,'15','2025-04-20 23:18:07.577787',26,1,12),(466,'2024-08-04 16:18:08.669075',800000,'14','2025-04-27 23:18:07.577787',68,1,12),(467,'2024-08-04 16:18:08.670075',800000,'13','2025-04-13 23:18:07.577787',64,1,12),(468,'2024-08-04 16:18:08.671093',800000,'12','2025-04-13 23:18:07.577787',82,1,12),(469,'2024-08-04 16:18:08.705525',1000000,'50','2025-01-12 23:18:07.579787',29,1,13),(470,'2024-08-04 16:18:08.708222',1000000,'49','2025-01-19 23:18:07.579787',33,1,13),(471,'2024-08-04 16:18:08.709221',1000000,'48','2025-01-12 23:18:07.579787',76,1,13),(472,'2024-08-04 16:18:08.711431',1000000,'47','2025-01-12 23:18:07.579787',75,1,13),(473,'2024-08-04 16:18:08.712276',1000000,'46','2025-01-26 23:18:07.579787',64,1,13),(474,'2024-08-04 16:18:08.713278',1000000,'45','2025-01-26 23:18:07.579787',83,1,13),(475,'2024-08-04 16:18:08.714287',1000000,'44','2025-01-19 23:18:07.579787',15,1,13),(476,'2024-08-04 16:18:08.715293',1000000,'43','2025-02-02 23:18:07.579787',75,1,13),(477,'2024-08-04 16:18:08.716798',1000000,'42','2025-01-12 23:18:07.579787',37,1,13),(478,'2024-08-04 16:18:08.717803',1000000,'41','2025-01-26 23:18:07.579787',83,1,13),(479,'2024-08-04 16:18:08.718803',1000000,'40','2025-01-19 23:18:07.579787',90,1,13),(480,'2024-08-04 16:18:08.719803',1000000,'39','2025-01-26 23:18:07.579787',76,1,13),(481,'2024-08-04 16:18:08.720803',1000000,'38','2025-01-26 23:18:07.579787',100,1,13),(482,'2024-08-04 16:18:08.721804',1000000,'37','2025-02-02 23:18:07.579787',2,1,13),(483,'2024-08-04 16:18:08.722803',1000000,'36','2025-01-12 23:18:07.579787',96,1,13),(484,'2024-08-04 16:18:08.724803',1000000,'35','2025-01-19 23:18:07.579787',66,1,13),(485,'2024-08-04 16:18:08.725815',1000000,'34','2025-01-12 23:18:07.579787',66,1,13),(486,'2024-08-04 16:18:08.731369',1000000,'33','2025-02-02 23:18:07.579787',33,1,13),(487,'2024-08-04 16:18:08.737906',1000000,'32','2025-01-26 23:18:07.579787',36,1,13),(488,'2024-08-04 16:18:08.742909',1000000,'31','2025-01-12 23:18:07.579787',2,1,13),(489,'2024-08-04 16:18:08.744907',1000000,'30','2025-01-19 23:18:07.579787',23,1,13),(490,'2024-08-04 16:18:08.746907',1000000,'29','2025-02-02 23:18:07.579787',29,1,13),(491,'2024-08-04 16:18:08.748650',1000000,'28','2025-01-19 23:18:07.579787',59,1,13),(492,'2024-08-04 16:18:08.751386',1000000,'27','2025-01-12 23:18:07.579787',83,1,13),(493,'2024-08-04 16:18:08.752385',1000000,'26','2025-01-19 23:18:07.579787',43,1,13),(494,'2024-08-04 16:18:08.753399',1000000,'25','2025-01-26 23:18:07.579787',11,1,13),(495,'2024-08-04 16:18:08.754386',1000000,'24','2025-01-26 23:18:07.579787',63,1,13),(496,'2024-08-04 16:18:08.755385',1000000,'23','2025-02-02 23:18:07.579787',68,1,13),(497,'2024-08-04 16:18:08.755385',1000000,'22','2025-02-02 23:18:07.579787',37,1,13),(498,'2024-08-04 16:18:08.756890',1000000,'21','2025-01-19 23:18:07.579787',43,1,13),(499,'2024-08-04 16:18:08.757897',1000000,'20','2025-01-26 23:18:07.579787',76,1,13),(500,'2024-08-04 16:18:08.788006',1000000,'19','2025-01-12 23:18:07.579787',15,1,13),(501,'2024-08-04 16:18:08.790054',1000000,'18','2025-01-12 23:18:07.579787',26,1,13),(502,'2024-08-04 16:18:08.791114',1000000,'17','2025-01-12 23:18:07.579787',89,1,13),(503,'2024-08-04 16:18:08.793254',1000000,'16','2025-01-19 23:18:07.579787',76,1,13),(504,'2024-08-04 16:18:08.794125',1000000,'15','2025-01-12 23:18:07.579787',2,1,13),(505,'2024-08-04 16:18:08.795125',1000000,'14','2025-01-26 23:18:07.579787',69,1,13),(506,'2024-08-04 16:18:08.796636',1000000,'13','2025-01-26 23:18:07.579787',96,1,13),(507,'2024-08-04 16:18:08.797686',1000000,'12','2025-01-19 23:18:07.579787',31,1,13),(508,'2024-08-04 16:18:08.799647',700000,'50','2024-11-17 23:18:07.581855',32,1,14),(509,'2024-08-04 16:18:08.801647',700000,'49','2024-12-08 23:18:07.581855',81,1,14),(510,'2024-08-04 16:18:08.802654',700000,'48','2024-12-08 23:18:07.581855',82,1,14),(511,'2024-08-04 16:18:08.803666',700000,'47','2024-11-17 23:18:07.581855',81,1,14),(512,'2024-08-04 16:18:08.804673',700000,'46','2024-12-01 23:18:07.581855',100,1,14),(513,'2024-08-04 16:18:08.805672',700000,'45','2024-11-17 23:18:07.581855',66,1,14),(514,'2024-08-04 16:18:08.806751',700000,'44','2024-12-01 23:18:07.581855',83,1,14),(515,'2024-08-04 16:18:08.807752',700000,'43','2024-11-24 23:18:07.581855',22,1,14),(516,'2024-08-04 16:18:08.808752',700000,'42','2024-11-17 23:18:07.581855',73,1,14),(517,'2024-08-04 16:18:08.809752',700000,'41','2024-11-24 23:18:07.581855',97,1,14),(518,'2024-08-04 16:18:08.810752',700000,'40','2024-12-01 23:18:07.581855',32,1,14),(519,'2024-08-04 16:18:08.811752',700000,'39','2024-11-17 23:18:07.581855',35,1,14),(520,'2024-08-04 16:18:08.812752',700000,'38','2024-12-01 23:18:07.581855',29,1,14),(521,'2024-08-04 16:18:08.813752',700000,'37','2024-12-01 23:18:07.581855',23,1,14),(522,'2024-08-04 16:18:08.814752',700000,'36','2024-12-01 23:18:07.581855',15,1,14),(523,'2024-08-04 16:18:08.815752',700000,'35','2024-11-17 23:18:07.581855',100,1,14),(524,'2024-08-04 16:18:08.816752',700000,'34','2024-11-24 23:18:07.581855',97,1,14),(525,'2024-08-04 16:18:08.817788',700000,'33','2024-11-24 23:18:07.581855',96,1,14),(526,'2024-08-04 16:18:08.818802',700000,'32','2024-11-17 23:18:07.581855',76,1,14),(527,'2024-08-04 16:18:08.819801',700000,'31','2024-12-01 23:18:07.581855',32,1,14),(528,'2024-08-04 16:18:08.820803',700000,'30','2024-11-24 23:18:07.581855',81,1,14),(529,'2024-08-04 16:18:08.821801',700000,'29','2024-11-17 23:18:07.581855',33,1,14),(530,'2024-08-04 16:18:08.822803',700000,'28','2024-11-24 23:18:07.581855',69,1,14),(531,'2024-08-04 16:18:08.823802',700000,'27','2024-12-01 23:18:07.581855',31,1,14),(532,'2024-08-04 16:18:08.824805',700000,'26','2024-12-01 23:18:07.581855',43,1,14),(533,'2024-08-04 16:18:08.825801',700000,'25','2024-12-01 23:18:07.581855',35,1,14),(534,'2024-08-04 16:18:08.826789',700000,'24','2024-12-08 23:18:07.581855',2,1,14),(535,'2024-08-04 16:18:08.827890',700000,'23','2024-11-17 23:18:07.581855',68,1,14),(536,'2024-08-04 16:18:08.828890',700000,'22','2024-12-08 23:18:07.581855',11,1,14),(537,'2024-08-04 16:18:08.829890',700000,'21','2024-11-17 23:18:07.581855',82,1,14),(538,'2024-08-04 16:18:08.830987',700000,'20','2024-12-08 23:18:07.581855',63,1,14),(539,'2024-08-04 16:18:08.832008',700000,'19','2024-11-24 23:18:07.581855',66,1,14),(540,'2024-08-04 16:18:08.833018',700000,'18','2024-12-01 23:18:07.581855',22,1,14),(541,'2024-08-04 16:18:08.834039',700000,'17','2024-11-24 23:18:07.581855',11,1,14),(542,'2024-08-04 16:18:08.835009',700000,'16','2024-12-01 23:18:07.581855',22,1,14),(543,'2024-08-04 16:18:08.836009',700000,'15','2024-12-01 23:18:07.581855',56,1,14),(544,'2024-08-04 16:18:08.837075',700000,'14','2024-12-01 23:18:07.581855',23,1,14),(545,'2024-08-04 16:18:08.838072',700000,'13','2024-11-17 23:18:07.581855',90,1,14),(546,'2024-08-04 16:18:08.839072',700000,'12','2024-11-17 23:18:07.581855',68,1,14),(547,'2024-08-04 16:18:08.841135',700000,'50','2025-06-01 23:18:07.585027',47,1,15),(548,'2024-08-04 16:18:08.843138',700000,'49','2025-06-15 23:18:07.585027',10,1,15),(549,'2024-08-04 16:18:08.844137',700000,'48','2025-06-15 23:18:07.585027',31,1,15),(550,'2024-08-04 16:18:08.845140',700000,'47','2025-06-22 23:18:07.585027',2,1,15),(551,'2024-08-04 16:18:08.847653',700000,'46','2025-06-01 23:18:07.585027',59,1,15),(552,'2024-08-04 16:18:08.848657',700000,'45','2025-06-01 23:18:07.585027',75,1,15),(553,'2024-08-04 16:18:08.850651',700000,'44','2025-06-08 23:18:07.585027',76,1,15),(554,'2024-08-04 16:18:08.851657',700000,'43','2025-06-01 23:18:07.585027',2,1,15),(555,'2024-08-04 16:18:08.852664',700000,'42','2025-06-22 23:18:07.585027',47,1,15),(556,'2024-08-04 16:18:08.853664',700000,'41','2025-06-15 23:18:07.585027',23,1,15),(557,'2024-08-04 16:18:08.854664',700000,'40','2025-06-08 23:18:07.585027',90,1,15),(558,'2024-08-04 16:18:08.855663',700000,'39','2025-06-08 23:18:07.585027',49,1,15),(559,'2024-08-04 16:18:08.886893',700000,'38','2025-06-08 23:18:07.585027',22,1,15),(560,'2024-08-04 16:18:08.889103',700000,'37','2025-06-01 23:18:07.585027',36,1,15),(561,'2024-08-04 16:18:08.890159',700000,'36','2025-06-22 23:18:07.585027',32,1,15),(562,'2024-08-04 16:18:08.891166',700000,'35','2025-06-22 23:18:07.585027',11,1,15),(563,'2024-08-04 16:18:08.892165',700000,'34','2025-06-22 23:18:07.585027',2,1,15),(564,'2024-08-04 16:18:08.893211',700000,'33','2025-06-08 23:18:07.585027',29,1,15),(565,'2024-08-04 16:18:08.894218',700000,'32','2025-06-15 23:18:07.585027',66,1,15),(566,'2024-08-04 16:18:08.895229',700000,'31','2025-06-15 23:18:07.585027',83,1,15),(567,'2024-08-04 16:18:08.896818',700000,'30','2025-06-01 23:18:07.585027',23,1,15),(568,'2024-08-04 16:18:08.897762',700000,'29','2025-06-01 23:18:07.585027',59,1,15),(569,'2024-08-04 16:18:08.898762',700000,'28','2025-06-15 23:18:07.585027',31,1,15),(570,'2024-08-04 16:18:08.899776',700000,'27','2025-06-22 23:18:07.585027',31,1,15),(571,'2024-08-04 16:18:08.900780',700000,'26','2025-06-08 23:18:07.585027',23,1,15),(572,'2024-08-04 16:18:08.901762',700000,'25','2025-06-22 23:18:07.585027',58,1,15),(573,'2024-08-04 16:18:08.902762',700000,'24','2025-06-22 23:18:07.585027',33,1,15),(574,'2024-08-04 16:18:08.903762',700000,'23','2025-06-01 23:18:07.585027',67,1,15),(575,'2024-08-04 16:18:08.904762',700000,'22','2025-06-08 23:18:07.585027',76,1,15),(576,'2024-08-04 16:18:08.905762',700000,'21','2025-06-08 23:18:07.585027',2,1,15),(577,'2024-08-04 16:18:08.906843',700000,'20','2025-06-01 23:18:07.585027',37,1,15),(578,'2024-08-04 16:18:08.907881',700000,'19','2025-06-01 23:18:07.585027',68,1,15),(579,'2024-08-04 16:18:08.908932',700000,'18','2025-06-08 23:18:07.585027',60,1,15),(580,'2024-08-04 16:18:08.909939',700000,'17','2025-06-15 23:18:07.585027',67,1,15),(581,'2024-08-04 16:18:08.910951',700000,'16','2025-06-15 23:18:07.585027',26,1,15),(582,'2024-08-04 16:18:08.911971',700000,'15','2025-06-15 23:18:07.585027',82,1,15),(583,'2024-08-04 16:18:08.912968',700000,'14','2025-06-01 23:18:07.585027',60,1,15),(584,'2024-08-04 16:18:08.913972',700000,'13','2025-06-15 23:18:07.585027',33,1,15),(585,'2024-08-04 16:18:08.914970',700000,'12','2025-06-15 23:18:07.585027',15,1,15),(586,'2024-08-04 16:18:08.916957',900000,'50','2025-05-11 23:18:07.587031',58,1,16),(587,'2024-08-04 16:18:08.918445',900000,'49','2025-06-01 23:18:07.587031',58,1,16),(588,'2024-08-04 16:18:08.920444',900000,'48','2025-05-11 23:18:07.587031',66,1,16),(589,'2024-08-04 16:18:08.949368',900000,'47','2025-06-01 23:18:07.587031',90,1,16),(590,'2024-08-04 16:18:08.951394',900000,'46','2025-05-25 23:18:07.587031',38,1,16),(591,'2024-08-04 16:18:08.953391',900000,'45','2025-05-11 23:18:07.587031',49,1,16),(592,'2024-08-04 16:18:08.954392',900000,'44','2025-06-01 23:18:07.587031',59,1,16),(593,'2024-08-04 16:18:08.955391',900000,'43','2025-05-18 23:18:07.587031',58,1,16),(594,'2024-08-04 16:18:08.957958',900000,'42','2025-05-11 23:18:07.587031',26,1,16),(595,'2024-08-04 16:18:08.958956',900000,'41','2025-05-25 23:18:07.587031',63,1,16),(596,'2024-08-04 16:18:08.960956',900000,'40','2025-05-25 23:18:07.587031',73,1,16),(597,'2024-08-04 16:18:08.961963',900000,'39','2025-05-18 23:18:07.587031',100,1,16),(598,'2024-08-04 16:18:08.962956',900000,'38','2025-05-11 23:18:07.587031',32,1,16),(599,'2024-08-04 16:18:08.963956',900000,'37','2025-05-11 23:18:07.587031',90,1,16),(600,'2024-08-04 16:18:08.964955',900000,'36','2025-05-11 23:18:07.587031',32,1,16),(601,'2024-08-04 16:18:08.965955',900000,'35','2025-06-01 23:18:07.587031',15,1,16),(602,'2024-08-04 16:18:08.966955',900000,'34','2025-06-01 23:18:07.587031',2,1,16),(603,'2024-08-04 16:18:08.967987',900000,'33','2025-05-18 23:18:07.587031',33,1,16),(604,'2024-08-04 16:18:08.968985',900000,'32','2025-06-01 23:18:07.587031',83,1,16),(605,'2024-08-04 16:18:08.969985',900000,'31','2025-05-18 23:18:07.587031',31,1,16),(606,'2024-08-04 16:18:08.970985',900000,'30','2025-06-01 23:18:07.587031',22,1,16),(607,'2024-08-04 16:18:08.971985',900000,'29','2025-05-11 23:18:07.587031',29,1,16),(608,'2024-08-04 16:18:08.972986',900000,'28','2025-05-11 23:18:07.587031',47,1,16),(609,'2024-08-04 16:18:08.974987',900000,'27','2025-06-01 23:18:07.587031',26,1,16),(610,'2024-08-04 16:18:08.975997',900000,'26','2025-06-01 23:18:07.587031',90,1,16),(611,'2024-08-04 16:18:08.981671',900000,'25','2025-05-25 23:18:07.587031',31,1,16),(612,'2024-08-04 16:18:08.985680',900000,'24','2025-05-11 23:18:07.587031',81,1,16),(613,'2024-08-04 16:18:08.990221',900000,'23','2025-05-25 23:18:07.587031',100,1,16),(614,'2024-08-04 16:18:09.008370',900000,'22','2025-05-18 23:18:07.587031',23,1,16),(615,'2024-08-04 16:18:09.010368',900000,'21','2025-05-11 23:18:07.587031',58,1,16),(616,'2024-08-04 16:18:09.012367',900000,'20','2025-05-25 23:18:07.587031',60,1,16),(617,'2024-08-04 16:18:09.014372',900000,'19','2025-06-01 23:18:07.587031',31,1,16),(618,'2024-08-04 16:18:09.046879',900000,'18','2025-05-11 23:18:07.587031',38,1,16),(619,'2024-08-04 16:18:09.048150',900000,'17','2025-05-18 23:18:07.587031',47,1,16),(620,'2024-08-04 16:18:09.050155',900000,'16','2025-05-11 23:18:07.587031',56,1,16),(621,'2024-08-04 16:18:09.051155',900000,'15','2025-05-11 23:18:07.587031',47,1,16),(622,'2024-08-04 16:18:09.052155',900000,'14','2025-06-01 23:18:07.587031',10,1,16),(623,'2024-08-04 16:18:09.053156',900000,'13','2025-05-18 23:18:07.587031',11,1,16),(624,'2024-08-04 16:18:09.054152',900000,'12','2025-05-18 23:18:07.587031',68,1,16),(625,'2024-08-04 16:18:09.056797',1000000,'50','2025-05-04 23:18:07.588683',10,1,17),(626,'2024-08-04 16:18:09.057804',1000000,'49','2025-05-11 23:18:07.588683',75,1,17),(627,'2024-08-04 16:18:09.058804',1000000,'48','2025-05-11 23:18:07.588683',89,1,17),(628,'2024-08-04 16:18:09.059800',1000000,'47','2025-05-04 23:18:07.588683',31,1,17),(629,'2024-08-04 16:18:09.061799',1000000,'46','2025-04-27 23:18:07.588683',38,1,17),(630,'2024-08-04 16:18:09.062805',1000000,'45','2025-05-11 23:18:07.588683',49,1,17),(631,'2024-08-04 16:18:09.063805',1000000,'44','2025-04-27 23:18:07.588683',76,1,17),(632,'2024-08-04 16:18:09.064813',1000000,'43','2025-04-20 23:18:07.588683',38,1,17),(633,'2024-08-04 16:18:09.066820',1000000,'42','2025-04-20 23:18:07.588683',97,1,17),(634,'2024-08-04 16:18:09.066820',1000000,'41','2025-05-11 23:18:07.588683',60,1,17),(635,'2024-08-04 16:18:09.068124',1000000,'40','2025-05-11 23:18:07.588683',64,1,17),(636,'2024-08-04 16:18:09.070125',1000000,'39','2025-05-11 23:18:07.588683',89,1,17),(637,'2024-08-04 16:18:09.071123',1000000,'38','2025-04-27 23:18:07.588683',35,1,17),(638,'2024-08-04 16:18:09.073123',1000000,'37','2025-04-27 23:18:07.588683',64,1,17),(639,'2024-08-04 16:18:09.074136',1000000,'36','2025-05-04 23:18:07.588683',68,1,17),(640,'2024-08-04 16:18:09.075123',1000000,'35','2025-04-27 23:18:07.588683',26,1,17),(641,'2024-08-04 16:18:09.076666',1000000,'34','2025-05-04 23:18:07.588683',63,1,17),(642,'2024-08-04 16:18:09.077672',1000000,'33','2025-04-27 23:18:07.588683',75,1,17),(643,'2024-08-04 16:18:09.078678',1000000,'32','2025-05-04 23:18:07.588683',75,1,17),(644,'2024-08-04 16:18:09.079684',1000000,'31','2025-05-11 23:18:07.588683',69,1,17),(645,'2024-08-04 16:18:09.080684',1000000,'30','2025-05-04 23:18:07.588683',68,1,17),(646,'2024-08-04 16:18:09.081746',1000000,'29','2025-04-27 23:18:07.588683',23,1,17),(647,'2024-08-04 16:18:09.082749',1000000,'28','2025-04-27 23:18:07.588683',68,1,17),(648,'2024-08-04 16:18:09.083748',1000000,'27','2025-05-04 23:18:07.588683',29,1,17),(649,'2024-08-04 16:18:09.084805',1000000,'26','2025-04-27 23:18:07.588683',81,1,17),(650,'2024-08-04 16:18:09.112891',1000000,'25','2025-04-27 23:18:07.588683',47,1,17),(651,'2024-08-04 16:18:09.114967',1000000,'24','2025-05-11 23:18:07.588683',81,1,17),(652,'2024-08-04 16:18:09.116008',1000000,'23','2025-04-20 23:18:07.588683',31,1,17),(653,'2024-08-04 16:18:09.117007',1000000,'22','2025-04-27 23:18:07.588683',10,1,17),(654,'2024-08-04 16:18:09.118067',1000000,'21','2025-05-04 23:18:07.588683',33,1,17),(655,'2024-08-04 16:18:09.119154',1000000,'20','2025-04-20 23:18:07.588683',73,1,17),(656,'2024-08-04 16:18:09.120245',1000000,'19','2025-05-04 23:18:07.588683',83,1,17),(657,'2024-08-04 16:18:09.121270',1000000,'18','2025-04-27 23:18:07.588683',96,1,17),(658,'2024-08-04 16:18:09.122270',1000000,'17','2025-04-20 23:18:07.588683',38,1,17),(659,'2024-08-04 16:18:09.123270',1000000,'16','2025-04-27 23:18:07.588683',56,1,17),(660,'2024-08-04 16:18:09.124276',1000000,'15','2025-05-11 23:18:07.588683',89,1,17),(661,'2024-08-04 16:18:09.125270',1000000,'14','2025-04-27 23:18:07.588683',83,1,17),(662,'2024-08-04 16:18:09.126774',1000000,'13','2025-05-11 23:18:07.588683',33,1,17),(663,'2024-08-04 16:18:09.127779',1000000,'12','2025-04-27 23:18:07.588683',56,1,17),(664,'2024-08-04 16:18:09.129781',500000,'50','2025-04-20 23:18:07.591687',43,1,18),(665,'2024-08-04 16:18:09.130779',500000,'49','2025-04-20 23:18:07.591687',47,1,18),(666,'2024-08-04 16:18:09.131843',500000,'48','2025-04-27 23:18:07.591687',38,1,18),(667,'2024-08-04 16:18:09.133843',500000,'47','2025-04-20 23:18:07.591687',47,1,18),(668,'2024-08-04 16:18:09.134843',500000,'46','2025-04-27 23:18:07.591687',22,1,18),(669,'2024-08-04 16:18:09.135857',500000,'45','2025-04-13 23:18:07.591687',2,1,18),(670,'2024-08-04 16:18:09.136844',500000,'44','2025-04-27 23:18:07.591687',45,1,18),(671,'2024-08-04 16:18:09.137904',500000,'43','2025-04-20 23:18:07.591687',23,1,18),(672,'2024-08-04 16:18:09.138900',500000,'42','2025-04-20 23:18:07.591687',36,1,18),(673,'2024-08-04 16:18:09.139900',500000,'41','2025-05-04 23:18:07.591687',76,1,18),(674,'2024-08-04 16:18:09.141900',500000,'40','2025-04-27 23:18:07.591687',56,1,18),(675,'2024-08-04 16:18:09.142912',500000,'39','2025-05-04 23:18:07.591687',15,1,18),(676,'2024-08-04 16:18:09.143900',500000,'38','2025-04-20 23:18:07.591687',100,1,18),(677,'2024-08-04 16:18:09.144900',500000,'37','2025-05-04 23:18:07.591687',23,1,18),(678,'2024-08-04 16:18:09.145915',500000,'36','2025-04-20 23:18:07.591687',23,1,18),(679,'2024-08-04 16:18:09.146900',500000,'35','2025-04-13 23:18:07.591687',83,1,18),(680,'2024-08-04 16:18:09.147958',500000,'34','2025-05-04 23:18:07.591687',36,1,18),(681,'2024-08-04 16:18:09.180375',500000,'33','2025-04-13 23:18:07.591687',15,1,18),(682,'2024-08-04 16:18:09.181438',500000,'32','2025-04-13 23:18:07.591687',96,1,18),(683,'2024-08-04 16:18:09.183478',500000,'31','2025-04-13 23:18:07.591687',23,1,18),(684,'2024-08-04 16:18:09.184489',500000,'30','2025-04-13 23:18:07.591687',63,1,18),(685,'2024-08-04 16:18:09.185478',500000,'29','2025-04-13 23:18:07.591687',75,1,18),(686,'2024-08-04 16:18:09.186988',500000,'28','2025-04-13 23:18:07.591687',31,1,18),(687,'2024-08-04 16:18:09.188999',500000,'27','2025-04-27 23:18:07.591687',69,1,18),(688,'2024-08-04 16:18:09.190999',500000,'26','2025-04-20 23:18:07.591687',35,1,18),(689,'2024-08-04 16:18:09.191999',500000,'25','2025-04-27 23:18:07.591687',38,1,18),(690,'2024-08-04 16:18:09.192992',500000,'24','2025-04-13 23:18:07.591687',23,1,18),(691,'2024-08-04 16:18:09.193993',500000,'23','2025-04-20 23:18:07.591687',59,1,18),(692,'2024-08-04 16:18:09.194993',500000,'22','2025-04-27 23:18:07.591687',81,1,18),(693,'2024-08-04 16:18:09.196012',500000,'21','2025-04-13 23:18:07.591687',37,1,18),(694,'2024-08-04 16:18:09.197005',500000,'20','2025-04-27 23:18:07.591687',63,1,18),(695,'2024-08-04 16:18:09.197005',500000,'19','2025-05-04 23:18:07.591687',75,1,18),(696,'2024-08-04 16:18:09.198427',500000,'18','2025-05-04 23:18:07.591687',36,1,18),(697,'2024-08-04 16:18:09.199427',500000,'17','2025-05-04 23:18:07.591687',89,1,18),(698,'2024-08-04 16:18:09.200427',500000,'16','2025-05-04 23:18:07.591687',69,1,18),(699,'2024-08-04 16:18:09.201426',500000,'15','2025-05-04 23:18:07.591687',83,1,18),(700,'2024-08-04 16:18:09.202427',500000,'14','2025-05-04 23:18:07.591687',29,1,18),(701,'2024-08-04 16:18:09.203426',500000,'13','2025-05-04 23:18:07.591687',29,1,18),(702,'2024-08-04 16:18:09.204428',500000,'12','2025-04-13 23:18:07.591687',56,1,18),(703,'2024-08-04 16:18:09.206992',600000,'50','2024-12-22 23:18:07.593689',29,1,19),(704,'2024-08-04 16:18:09.207992',600000,'49','2024-12-29 23:18:07.593689',58,1,19),(705,'2024-08-04 16:18:09.208994',600000,'48','2025-01-12 23:18:07.593689',76,1,19),(706,'2024-08-04 16:18:09.211044',600000,'47','2025-01-12 23:18:07.593689',45,1,19),(707,'2024-08-04 16:18:09.212043',600000,'46','2025-01-12 23:18:07.593689',45,1,19),(708,'2024-08-04 16:18:09.213043',600000,'45','2025-01-05 23:18:07.593689',32,1,19),(709,'2024-08-04 16:18:09.214058',600000,'44','2025-01-12 23:18:07.593689',67,1,19),(710,'2024-08-04 16:18:09.215048',600000,'43','2025-01-05 23:18:07.593689',33,1,19),(711,'2024-08-04 16:18:09.216046',600000,'42','2024-12-22 23:18:07.593689',59,1,19),(712,'2024-08-04 16:18:09.246946',600000,'41','2024-12-29 23:18:07.593689',64,1,19),(713,'2024-08-04 16:18:09.253976',600000,'40','2024-12-22 23:18:07.593689',11,1,19),(714,'2024-08-04 16:18:09.256009',600000,'39','2024-12-29 23:18:07.593689',73,1,19),(715,'2024-08-04 16:18:09.257773',600000,'38','2024-12-29 23:18:07.593689',38,1,19),(716,'2024-08-04 16:18:09.258772',600000,'37','2025-01-12 23:18:07.593689',60,1,19),(717,'2024-08-04 16:18:09.259772',600000,'36','2025-01-12 23:18:07.593689',38,1,19),(718,'2024-08-04 16:18:09.261771',600000,'35','2024-12-29 23:18:07.593689',10,1,19),(719,'2024-08-04 16:18:09.262771',600000,'34','2025-01-05 23:18:07.593689',96,1,19),(720,'2024-08-04 16:18:09.263772',600000,'33','2024-12-22 23:18:07.593689',49,1,19),(721,'2024-08-04 16:18:09.264785',600000,'32','2024-12-29 23:18:07.593689',47,1,19),(722,'2024-08-04 16:18:09.265784',600000,'31','2025-01-12 23:18:07.593689',96,1,19),(723,'2024-08-04 16:18:09.266852',600000,'30','2025-01-12 23:18:07.593689',31,1,19),(724,'2024-08-04 16:18:09.267857',600000,'29','2025-01-05 23:18:07.593689',82,1,19),(725,'2024-08-04 16:18:09.268852',600000,'28','2025-01-05 23:18:07.593689',81,1,19),(726,'2024-08-04 16:18:09.269936',600000,'27','2024-12-29 23:18:07.593689',38,1,19),(727,'2024-08-04 16:18:09.270963',600000,'26','2024-12-29 23:18:07.593689',29,1,19),(728,'2024-08-04 16:18:09.271943',600000,'25','2025-01-05 23:18:07.593689',63,1,19),(729,'2024-08-04 16:18:09.272957',600000,'24','2024-12-22 23:18:07.593689',58,1,19),(730,'2024-08-04 16:18:09.273992',600000,'23','2024-12-29 23:18:07.593689',75,1,19),(731,'2024-08-04 16:18:09.275014',600000,'22','2025-01-05 23:18:07.593689',82,1,19),(732,'2024-08-04 16:18:09.275997',600000,'21','2025-01-12 23:18:07.593689',47,1,19),(733,'2024-08-04 16:18:09.276998',600000,'20','2024-12-22 23:18:07.593689',90,1,19),(734,'2024-08-04 16:18:09.279183',600000,'19','2025-01-05 23:18:07.593689',89,1,19),(735,'2024-08-04 16:18:09.280175',600000,'18','2024-12-22 23:18:07.593689',49,1,19),(736,'2024-08-04 16:18:09.281225',600000,'17','2025-01-05 23:18:07.593689',68,1,19),(737,'2024-08-04 16:18:09.282241',600000,'16','2024-12-29 23:18:07.593689',23,1,19),(738,'2024-08-04 16:18:09.283244',600000,'15','2024-12-22 23:18:07.593689',81,1,19),(739,'2024-08-04 16:18:09.284238',600000,'14','2025-01-12 23:18:07.593689',47,1,19),(740,'2024-08-04 16:18:09.285240',600000,'13','2024-12-29 23:18:07.593689',97,1,19),(741,'2024-08-04 16:18:09.285240',600000,'12','2024-12-22 23:18:07.593689',23,1,19),(742,'2024-08-04 16:18:09.287753',600000,'50','2025-01-05 23:18:07.595689',89,1,20),(743,'2024-08-04 16:18:09.322323',600000,'49','2025-01-05 23:18:07.595689',82,1,20),(744,'2024-08-04 16:18:09.324323',600000,'48','2025-01-19 23:18:07.595689',10,1,20),(745,'2024-08-04 16:18:09.325323',600000,'47','2025-01-26 23:18:07.595689',56,1,20),(746,'2024-08-04 16:18:09.327840',600000,'46','2025-01-05 23:18:07.595689',83,1,20),(747,'2024-08-04 16:18:09.329837',600000,'45','2025-01-12 23:18:07.595689',69,1,20),(748,'2024-08-04 16:18:09.330846',600000,'44','2025-01-26 23:18:07.595689',60,1,20),(749,'2024-08-04 16:18:09.331897',600000,'43','2025-01-26 23:18:07.595689',11,1,20),(750,'2024-08-04 16:18:09.332903',600000,'42','2025-01-05 23:18:07.595689',23,1,20),(751,'2024-08-04 16:18:09.333959',600000,'41','2025-01-26 23:18:07.595689',66,1,20),(752,'2024-08-04 16:18:09.335021',600000,'40','2025-01-19 23:18:07.595689',89,1,20),(753,'2024-08-04 16:18:09.336026',600000,'39','2025-01-26 23:18:07.595689',83,1,20),(754,'2024-08-04 16:18:09.337022',600000,'38','2025-01-12 23:18:07.595689',76,1,20),(755,'2024-08-04 16:18:09.338156',600000,'37','2025-01-19 23:18:07.595689',76,1,20),(756,'2024-08-04 16:18:09.339154',600000,'36','2025-01-19 23:18:07.595689',32,1,20),(757,'2024-08-04 16:18:09.345164',600000,'35','2025-01-26 23:18:07.595689',63,1,20),(758,'2024-08-04 16:18:09.345164',600000,'34','2025-01-19 23:18:07.595689',32,1,20),(759,'2024-08-04 16:18:09.346669',600000,'33','2025-01-12 23:18:07.595689',26,1,20),(760,'2024-08-04 16:18:09.347674',600000,'32','2025-01-19 23:18:07.595689',69,1,20),(761,'2024-08-04 16:18:09.348674',600000,'31','2025-01-12 23:18:07.595689',15,1,20),(762,'2024-08-04 16:18:09.349675',600000,'30','2025-01-12 23:18:07.595689',35,1,20),(763,'2024-08-04 16:18:09.350674',600000,'29','2025-01-05 23:18:07.595689',22,1,20),(764,'2024-08-04 16:18:09.351674',600000,'28','2025-01-12 23:18:07.595689',15,1,20),(765,'2024-08-04 16:18:09.352674',600000,'27','2025-01-26 23:18:07.595689',15,1,20),(766,'2024-08-04 16:18:09.354675',600000,'26','2025-01-05 23:18:07.595689',2,1,20),(767,'2024-08-04 16:18:09.355674',600000,'25','2025-01-12 23:18:07.595689',90,1,20),(768,'2024-08-04 16:18:09.389209',600000,'24','2025-01-12 23:18:07.595689',10,1,20),(769,'2024-08-04 16:18:09.390217',600000,'23','2025-01-05 23:18:07.595689',56,1,20),(770,'2024-08-04 16:18:09.392470',600000,'22','2025-01-26 23:18:07.595689',90,1,20),(771,'2024-08-04 16:18:09.393581',600000,'21','2025-01-26 23:18:07.595689',60,1,20),(772,'2024-08-04 16:18:09.394738',600000,'20','2025-01-19 23:18:07.595689',36,1,20),(773,'2024-08-04 16:18:09.395842',600000,'19','2025-01-12 23:18:07.595689',68,1,20),(774,'2024-08-04 16:18:09.397845',600000,'18','2025-01-12 23:18:07.595689',37,1,20),(775,'2024-08-04 16:18:09.398990',600000,'17','2025-01-12 23:18:07.595689',97,1,20),(776,'2024-08-04 16:18:09.400096',600000,'16','2025-01-19 23:18:07.595689',82,1,20),(777,'2024-08-04 16:18:09.401109',600000,'15','2025-01-26 23:18:07.595689',66,1,20),(778,'2024-08-04 16:18:09.402111',600000,'14','2025-01-12 23:18:07.595689',15,1,20),(779,'2024-08-04 16:18:09.403111',600000,'13','2025-01-26 23:18:07.595689',90,1,20),(780,'2024-08-04 16:18:09.404115',600000,'12','2025-01-05 23:18:07.595689',10,1,20),(781,'2024-08-04 16:18:09.406096',600000,'50','2025-01-26 23:18:07.598209',69,1,21),(782,'2024-08-04 16:18:09.407653',600000,'49','2025-01-19 23:18:07.598209',2,1,21),(783,'2024-08-04 16:18:09.408653',600000,'48','2025-01-12 23:18:07.598209',64,1,21),(784,'2024-08-04 16:18:09.409653',600000,'47','2025-01-19 23:18:07.598209',47,1,21),(785,'2024-08-04 16:18:09.410708',600000,'46','2025-02-02 23:18:07.598209',69,1,21),(786,'2024-08-04 16:18:09.411710',600000,'45','2025-01-26 23:18:07.598209',49,1,21),(787,'2024-08-04 16:18:09.412755',600000,'44','2025-02-02 23:18:07.598209',63,1,21),(788,'2024-08-04 16:18:09.413795',600000,'43','2025-02-02 23:18:07.598209',29,1,21),(789,'2024-08-04 16:18:09.414837',600000,'42','2025-01-26 23:18:07.598209',81,1,21),(790,'2024-08-04 16:18:09.416877',600000,'41','2025-01-19 23:18:07.598209',83,1,21),(791,'2024-08-04 16:18:09.416877',600000,'40','2025-01-12 23:18:07.598209',22,1,21),(792,'2024-08-04 16:18:09.418308',600000,'39','2025-01-26 23:18:07.598209',49,1,21),(793,'2024-08-04 16:18:09.419317',600000,'38','2025-01-19 23:18:07.598209',22,1,21),(794,'2024-08-04 16:18:09.420318',600000,'37','2025-01-19 23:18:07.598209',73,1,21),(795,'2024-08-04 16:18:09.421317',600000,'36','2025-01-26 23:18:07.598209',76,1,21),(796,'2024-08-04 16:18:09.422316',600000,'35','2025-02-02 23:18:07.598209',81,1,21),(797,'2024-08-04 16:18:09.424317',600000,'34','2025-01-19 23:18:07.598209',43,1,21),(798,'2024-08-04 16:18:09.425315',600000,'33','2025-01-26 23:18:07.598209',26,1,21),(799,'2024-08-04 16:18:09.453230',600000,'32','2025-01-12 23:18:07.598209',56,1,21),(800,'2024-08-04 16:18:09.455238',600000,'31','2025-01-12 23:18:07.598209',43,1,21),(801,'2024-08-04 16:18:09.456921',600000,'30','2025-01-12 23:18:07.598209',49,1,21),(802,'2024-08-04 16:18:09.457908',600000,'29','2025-01-26 23:18:07.598209',45,1,21),(803,'2024-08-04 16:18:09.460056',600000,'28','2025-01-19 23:18:07.598209',63,1,21),(804,'2024-08-04 16:18:09.461077',600000,'27','2025-01-12 23:18:07.598209',75,1,21),(805,'2024-08-04 16:18:09.462058',600000,'26','2025-02-02 23:18:07.598209',83,1,21),(806,'2024-08-04 16:18:09.463058',600000,'25','2025-01-19 23:18:07.598209',68,1,21),(807,'2024-08-04 16:18:09.464058',600000,'24','2025-01-26 23:18:07.598209',63,1,21),(808,'2024-08-04 16:18:09.465058',600000,'23','2025-01-12 23:18:07.598209',31,1,21),(809,'2024-08-04 16:18:09.466059',600000,'22','2025-01-19 23:18:07.598209',58,1,21),(810,'2024-08-04 16:18:09.467058',600000,'21','2025-01-12 23:18:07.598209',26,1,21),(811,'2024-08-04 16:18:09.468092',600000,'20','2025-01-12 23:18:07.598209',89,1,21),(812,'2024-08-04 16:18:09.469089',600000,'19','2025-02-02 23:18:07.598209',60,1,21),(813,'2024-08-04 16:18:09.470095',600000,'18','2025-01-26 23:18:07.598209',35,1,21),(814,'2024-08-04 16:18:09.471108',600000,'17','2025-01-12 23:18:07.598209',97,1,21),(815,'2024-08-04 16:18:09.472120',600000,'16','2025-01-12 23:18:07.598209',26,1,21),(816,'2024-08-04 16:18:09.473126',600000,'15','2025-02-02 23:18:07.598209',96,1,21),(817,'2024-08-04 16:18:09.474126',600000,'14','2025-02-02 23:18:07.598209',45,1,21),(818,'2024-08-04 16:18:09.475139',600000,'13','2025-01-19 23:18:07.598209',38,1,21),(819,'2024-08-04 16:18:09.476140',600000,'12','2025-02-02 23:18:07.598209',64,1,21),(820,'2024-08-04 16:18:09.480241',900000,'50','2025-04-20 23:18:07.600210',66,1,22),(821,'2024-08-04 16:18:09.497048',900000,'49','2025-04-06 23:18:07.600210',29,1,22),(822,'2024-08-04 16:18:09.498964',900000,'48','2025-04-20 23:18:07.600210',76,1,22),(823,'2024-08-04 16:18:09.501010',900000,'47','2025-04-06 23:18:07.600210',43,1,22),(824,'2024-08-04 16:18:09.502065',900000,'46','2025-04-20 23:18:07.600210',81,1,22),(825,'2024-08-04 16:18:09.503071',900000,'45','2025-04-06 23:18:07.600210',36,1,22),(826,'2024-08-04 16:18:09.504072',900000,'44','2025-04-13 23:18:07.600210',76,1,22),(827,'2024-08-04 16:18:09.506074',900000,'43','2025-04-13 23:18:07.600210',31,1,22),(828,'2024-08-04 16:18:09.507087',900000,'42','2025-04-13 23:18:07.600210',83,1,22),(829,'2024-08-04 16:18:09.508094',900000,'41','2025-04-27 23:18:07.600210',15,1,22),(830,'2024-08-04 16:18:09.509097',900000,'40','2025-04-13 23:18:07.600210',26,1,22),(831,'2024-08-04 16:18:09.511170',900000,'39','2025-04-20 23:18:07.600210',45,1,22),(832,'2024-08-04 16:18:09.512168',900000,'38','2025-04-27 23:18:07.600210',69,1,22),(833,'2024-08-04 16:18:09.514167',900000,'37','2025-04-06 23:18:07.600210',37,1,22),(834,'2024-08-04 16:18:09.515167',900000,'36','2025-04-20 23:18:07.600210',47,1,22),(835,'2024-08-04 16:18:09.516167',900000,'35','2025-04-27 23:18:07.600210',35,1,22),(836,'2024-08-04 16:18:09.517673',900000,'34','2025-04-06 23:18:07.600210',23,1,22),(837,'2024-08-04 16:18:09.518681',900000,'33','2025-04-27 23:18:07.600210',43,1,22),(838,'2024-08-04 16:18:09.519680',900000,'32','2025-04-13 23:18:07.600210',96,1,22),(839,'2024-08-04 16:18:09.520680',900000,'31','2025-04-06 23:18:07.600210',100,1,22),(840,'2024-08-04 16:18:09.521680',900000,'30','2025-04-06 23:18:07.600210',68,1,22),(841,'2024-08-04 16:18:09.522679',900000,'29','2025-04-06 23:18:07.600210',38,1,22),(842,'2024-08-04 16:18:09.523680',900000,'28','2025-04-27 23:18:07.600210',2,1,22),(843,'2024-08-04 16:18:09.525680',900000,'27','2025-04-27 23:18:07.600210',32,1,22),(844,'2024-08-04 16:18:09.525680',900000,'26','2025-04-20 23:18:07.600210',68,1,22),(845,'2024-08-04 16:18:09.527188',900000,'25','2025-04-20 23:18:07.600210',38,1,22),(846,'2024-08-04 16:18:09.528196',900000,'24','2025-04-06 23:18:07.600210',68,1,22),(847,'2024-08-04 16:18:09.529197',900000,'23','2025-04-06 23:18:07.600210',59,1,22),(848,'2024-08-04 16:18:09.530195',900000,'22','2025-04-27 23:18:07.600210',23,1,22),(849,'2024-08-04 16:18:09.531263',900000,'21','2025-04-27 23:18:07.600210',58,1,22),(850,'2024-08-04 16:18:09.532266',900000,'20','2025-04-27 23:18:07.600210',60,1,22),(851,'2024-08-04 16:18:09.533265',900000,'19','2025-04-13 23:18:07.600210',69,1,22),(852,'2024-08-04 16:18:09.534319',900000,'18','2025-04-20 23:18:07.600210',23,1,22),(853,'2024-08-04 16:18:09.535322',900000,'17','2025-04-13 23:18:07.600210',38,1,22),(854,'2024-08-04 16:18:09.536826',900000,'16','2025-04-13 23:18:07.600210',31,1,22),(855,'2024-08-04 16:18:09.537840',900000,'15','2025-04-27 23:18:07.600210',75,1,22),(856,'2024-08-04 16:18:09.576731',900000,'14','2025-04-27 23:18:07.600210',36,1,22),(857,'2024-08-04 16:18:09.578737',900000,'13','2025-04-06 23:18:07.600210',56,1,22),(858,'2024-08-04 16:18:09.579737',900000,'12','2025-04-13 23:18:07.600210',100,1,22),(859,'2024-08-04 16:18:09.582737',800000,'50','2025-04-27 23:18:07.602208',59,1,23),(860,'2024-08-04 16:18:09.583738',800000,'49','2025-05-04 23:18:07.602208',82,1,23),(861,'2024-08-04 16:18:09.585826',800000,'48','2025-05-11 23:18:07.602208',15,1,23),(862,'2024-08-04 16:18:09.586824',800000,'47','2025-05-04 23:18:07.602208',23,1,23),(863,'2024-08-04 16:18:09.587846',800000,'46','2025-05-18 23:18:07.602208',67,1,23),(864,'2024-08-04 16:18:09.588846',800000,'45','2025-05-18 23:18:07.602208',10,1,23),(865,'2024-08-04 16:18:09.589851',800000,'44','2025-05-11 23:18:07.602208',32,1,23),(866,'2024-08-04 16:18:09.590864',800000,'43','2025-05-18 23:18:07.602208',33,1,23),(867,'2024-08-04 16:18:09.591876',800000,'42','2025-05-18 23:18:07.602208',47,1,23),(868,'2024-08-04 16:18:09.592884',800000,'41','2025-05-11 23:18:07.602208',100,1,23),(869,'2024-08-04 16:18:09.593883',800000,'40','2025-05-04 23:18:07.602208',47,1,23),(870,'2024-08-04 16:18:09.594882',800000,'39','2025-05-18 23:18:07.602208',68,1,23),(871,'2024-08-04 16:18:09.629998',800000,'38','2025-05-18 23:18:07.602208',81,1,23),(872,'2024-08-04 16:18:09.632156',800000,'37','2025-05-18 23:18:07.602208',35,1,23),(873,'2024-08-04 16:18:09.634347',800000,'36','2025-05-18 23:18:07.602208',31,1,23),(874,'2024-08-04 16:18:09.635348',800000,'35','2025-05-11 23:18:07.602208',49,1,23),(875,'2024-08-04 16:18:09.635348',800000,'34','2025-05-18 23:18:07.602208',38,1,23),(876,'2024-08-04 16:18:09.637859',800000,'33','2025-04-27 23:18:07.602208',60,1,23),(877,'2024-08-04 16:18:09.638858',800000,'32','2025-04-27 23:18:07.602208',15,1,23),(878,'2024-08-04 16:18:09.639859',800000,'31','2025-04-27 23:18:07.602208',32,1,23),(879,'2024-08-04 16:18:09.640892',800000,'30','2025-05-18 23:18:07.602208',32,1,23),(880,'2024-08-04 16:18:09.641923',800000,'29','2025-05-18 23:18:07.602208',82,1,23),(881,'2024-08-04 16:18:09.642935',800000,'28','2025-05-11 23:18:07.602208',36,1,23),(882,'2024-08-04 16:18:09.643948',800000,'27','2025-05-18 23:18:07.602208',2,1,23),(883,'2024-08-04 16:18:09.644953',800000,'26','2025-05-11 23:18:07.602208',31,1,23),(884,'2024-08-04 16:18:09.646953',800000,'25','2025-05-11 23:18:07.602208',68,1,23),(885,'2024-08-04 16:18:09.647974',800000,'24','2025-05-11 23:18:07.602208',43,1,23),(886,'2024-08-04 16:18:09.648976',800000,'23','2025-05-18 23:18:07.602208',32,1,23),(887,'2024-08-04 16:18:09.649973',800000,'22','2025-05-04 23:18:07.602208',76,1,23),(888,'2024-08-04 16:18:09.650973',800000,'21','2025-05-11 23:18:07.602208',96,1,23),(889,'2024-08-04 16:18:09.651973',800000,'20','2025-05-04 23:18:07.602208',15,1,23),(890,'2024-08-04 16:18:09.652972',800000,'19','2025-05-11 23:18:07.602208',22,1,23),(891,'2024-08-04 16:18:09.653972',800000,'18','2025-05-18 23:18:07.602208',35,1,23),(892,'2024-08-04 16:18:09.654973',800000,'17','2025-04-27 23:18:07.602208',64,1,23),(893,'2024-08-04 16:18:09.655972',800000,'16','2025-04-27 23:18:07.602208',49,1,23),(894,'2024-08-04 16:18:09.657032',800000,'15','2025-05-18 23:18:07.602208',49,1,23),(895,'2024-08-04 16:18:09.659176',800000,'14','2025-05-11 23:18:07.602208',15,1,23),(896,'2024-08-04 16:18:09.660240',800000,'13','2025-05-11 23:18:07.602208',68,1,23),(897,'2024-08-04 16:18:09.661261',800000,'12','2025-05-04 23:18:07.602208',96,1,23),(898,'2024-08-04 16:18:09.663267',800000,'50','2025-01-12 23:18:07.604736',45,1,24),(899,'2024-08-04 16:18:09.664268',800000,'49','2024-12-29 23:18:07.604736',68,1,24),(900,'2024-08-04 16:18:09.665267',800000,'48','2024-12-22 23:18:07.604736',60,1,24),(901,'2024-08-04 16:18:09.694519',800000,'47','2024-12-22 23:18:07.604736',75,1,24),(902,'2024-08-04 16:18:09.695520',800000,'46','2024-12-29 23:18:07.604736',43,1,24),(903,'2024-08-04 16:18:09.698035',800000,'45','2025-01-05 23:18:07.604736',67,1,24),(904,'2024-08-04 16:18:09.700034',800000,'44','2025-01-05 23:18:07.604736',66,1,24),(905,'2024-08-04 16:18:09.701033',800000,'43','2025-01-12 23:18:07.604736',15,1,24),(906,'2024-08-04 16:18:09.702050',800000,'42','2024-12-29 23:18:07.604736',58,1,24),(907,'2024-08-04 16:18:09.703056',800000,'41','2025-01-12 23:18:07.604736',82,1,24),(908,'2024-08-04 16:18:09.704057',800000,'40','2025-01-05 23:18:07.604736',43,1,24),(909,'2024-08-04 16:18:09.706057',800000,'39','2024-12-22 23:18:07.604736',22,1,24),(910,'2024-08-04 16:18:09.707196',800000,'38','2024-12-22 23:18:07.604736',59,1,24),(911,'2024-08-04 16:18:09.708202',800000,'37','2025-01-12 23:18:07.604736',38,1,24),(912,'2024-08-04 16:18:09.709202',800000,'36','2025-01-05 23:18:07.604736',32,1,24),(913,'2024-08-04 16:18:09.710202',800000,'35','2025-01-05 23:18:07.604736',82,1,24),(914,'2024-08-04 16:18:09.711211',800000,'34','2024-12-29 23:18:07.604736',100,1,24),(915,'2024-08-04 16:18:09.712203',800000,'33','2025-01-12 23:18:07.604736',100,1,24),(916,'2024-08-04 16:18:09.713202',800000,'32','2024-12-22 23:18:07.604736',35,1,24),(917,'2024-08-04 16:18:09.714201',800000,'31','2025-01-05 23:18:07.604736',96,1,24),(918,'2024-08-04 16:18:09.715203',800000,'30','2024-12-29 23:18:07.604736',43,1,24),(919,'2024-08-04 16:18:09.716709',800000,'29','2025-01-05 23:18:07.604736',89,1,24),(920,'2024-08-04 16:18:09.717714',800000,'28','2025-01-12 23:18:07.604736',66,1,24),(921,'2024-08-04 16:18:09.718713',800000,'27','2024-12-22 23:18:07.604736',35,1,24),(922,'2024-08-04 16:18:09.719714',800000,'26','2024-12-29 23:18:07.604736',38,1,24),(923,'2024-08-04 16:18:09.720714',800000,'25','2025-01-12 23:18:07.604736',2,1,24),(924,'2024-08-04 16:18:09.721714',800000,'24','2024-12-22 23:18:07.604736',29,1,24),(925,'2024-08-04 16:18:09.722714',800000,'23','2024-12-29 23:18:07.604736',32,1,24),(926,'2024-08-04 16:18:09.723714',800000,'22','2025-01-12 23:18:07.604736',33,1,24),(927,'2024-08-04 16:18:09.724714',800000,'21','2024-12-22 23:18:07.604736',81,1,24),(928,'2024-08-04 16:18:09.726715',800000,'20','2025-01-05 23:18:07.604736',96,1,24),(929,'2024-08-04 16:18:09.726715',800000,'19','2024-12-22 23:18:07.604736',83,1,24),(930,'2024-08-04 16:18:09.728870',800000,'18','2024-12-29 23:18:07.604736',26,1,24),(931,'2024-08-04 16:18:09.733870',800000,'17','2025-01-12 23:18:07.604736',2,1,24),(932,'2024-08-04 16:18:09.766029',800000,'16','2024-12-29 23:18:07.604736',100,1,24),(933,'2024-08-04 16:18:09.768554',800000,'15','2024-12-29 23:18:07.604736',89,1,24),(934,'2024-08-04 16:18:09.769541',800000,'14','2025-01-12 23:18:07.604736',76,1,24),(935,'2024-08-04 16:18:09.770540',800000,'13','2025-01-05 23:18:07.604736',10,1,24),(936,'2024-08-04 16:18:09.772548',800000,'12','2024-12-29 23:18:07.604736',47,1,24),(937,'2024-08-04 16:18:09.775539',500000,'50','2025-03-02 23:18:07.607248',22,1,25),(938,'2024-08-04 16:18:09.777074',500000,'49','2025-03-02 23:18:07.607248',2,1,25),(939,'2024-08-04 16:18:09.778081',500000,'48','2025-03-09 23:18:07.607248',96,1,25),(940,'2024-08-04 16:18:09.780095',500000,'47','2025-02-23 23:18:07.607248',43,1,25),(941,'2024-08-04 16:18:09.782161',500000,'46','2025-03-09 23:18:07.607248',97,1,25),(942,'2024-08-04 16:18:09.783176',500000,'45','2025-03-02 23:18:07.607248',58,1,25),(943,'2024-08-04 16:18:09.784163',500000,'44','2025-02-23 23:18:07.607248',97,1,25),(944,'2024-08-04 16:18:09.786162',500000,'43','2025-02-23 23:18:07.607248',45,1,25),(945,'2024-08-04 16:18:09.787162',500000,'42','2025-03-02 23:18:07.607248',67,1,25),(946,'2024-08-04 16:18:09.787162',500000,'41','2025-02-16 23:18:07.607248',58,1,25),(947,'2024-08-04 16:18:09.789371',500000,'40','2025-03-09 23:18:07.607248',67,1,25),(948,'2024-08-04 16:18:09.790377',500000,'39','2025-03-02 23:18:07.607248',32,1,25),(949,'2024-08-04 16:18:09.791383',500000,'38','2025-03-09 23:18:07.607248',89,1,25),(950,'2024-08-04 16:18:09.792384',500000,'37','2025-03-02 23:18:07.607248',100,1,25),(951,'2024-08-04 16:18:09.793384',500000,'36','2025-03-02 23:18:07.607248',22,1,25),(952,'2024-08-04 16:18:09.794384',500000,'35','2025-02-23 23:18:07.607248',66,1,25),(953,'2024-08-04 16:18:09.795383',500000,'34','2025-03-02 23:18:07.607248',37,1,25),(954,'2024-08-04 16:18:09.796917',500000,'33','2025-02-16 23:18:07.607248',23,1,25),(955,'2024-08-04 16:18:09.797925',500000,'32','2025-02-16 23:18:07.607248',73,1,25),(956,'2024-08-04 16:18:09.798924',500000,'31','2025-03-02 23:18:07.607248',10,1,25),(957,'2024-08-04 16:18:09.799924',500000,'30','2025-03-09 23:18:07.607248',90,1,25),(958,'2024-08-04 16:18:09.800924',500000,'29','2025-02-16 23:18:07.607248',81,1,25),(959,'2024-08-04 16:18:09.801926',500000,'28','2025-03-09 23:18:07.607248',97,1,25),(960,'2024-08-04 16:18:09.802923',500000,'27','2025-03-02 23:18:07.607248',43,1,25),(961,'2024-08-04 16:18:09.803926',500000,'26','2025-03-02 23:18:07.607248',97,1,25),(962,'2024-08-04 16:18:09.804926',500000,'25','2025-02-16 23:18:07.607248',36,1,25),(963,'2024-08-04 16:18:09.807068',500000,'24','2025-03-09 23:18:07.607248',38,1,25),(964,'2024-08-04 16:18:09.834611',500000,'23','2025-02-23 23:18:07.607248',37,1,25),(965,'2024-08-04 16:18:09.836754',500000,'22','2025-02-16 23:18:07.607248',2,1,25),(966,'2024-08-04 16:18:09.837786',500000,'21','2025-02-16 23:18:07.607248',23,1,25),(967,'2024-08-04 16:18:09.839816',500000,'20','2025-03-09 23:18:07.607248',11,1,25),(968,'2024-08-04 16:18:09.840756',500000,'19','2025-02-23 23:18:07.607248',36,1,25),(969,'2024-08-04 16:18:09.841755',500000,'18','2025-03-02 23:18:07.607248',36,1,25),(970,'2024-08-04 16:18:09.842755',500000,'17','2025-02-23 23:18:07.607248',10,1,25),(971,'2024-08-04 16:18:09.844754',500000,'16','2025-02-16 23:18:07.607248',96,1,25),(972,'2024-08-04 16:18:09.845754',500000,'15','2025-03-09 23:18:07.607248',58,1,25),(973,'2024-08-04 16:18:09.846754',500000,'14','2025-03-02 23:18:07.607248',82,1,25),(974,'2024-08-04 16:18:09.847790',500000,'13','2025-03-02 23:18:07.607248',64,1,25),(975,'2024-08-04 16:18:09.848790',500000,'12','2025-02-23 23:18:07.607248',32,1,25),(976,'2024-08-04 16:18:09.850789',700000,'50','2025-04-27 23:18:07.609336',47,1,26),(977,'2024-08-04 16:18:09.851790',700000,'49','2025-05-11 23:18:07.609336',11,1,26),(978,'2024-08-04 16:18:09.853795',700000,'48','2025-04-27 23:18:07.609336',69,1,26),(979,'2024-08-04 16:18:09.854789',700000,'47','2025-05-04 23:18:07.609336',56,1,26),(980,'2024-08-04 16:18:09.855869',700000,'46','2025-04-27 23:18:07.609336',89,1,26),(981,'2024-08-04 16:18:09.856790',700000,'45','2025-05-04 23:18:07.609336',45,1,26),(982,'2024-08-04 16:18:09.857864',700000,'44','2025-04-27 23:18:07.609336',81,1,26),(983,'2024-08-04 16:18:09.858864',700000,'43','2025-05-04 23:18:07.609336',45,1,26),(984,'2024-08-04 16:18:09.860864',700000,'42','2025-04-27 23:18:07.609336',31,1,26),(985,'2024-08-04 16:18:09.861907',700000,'41','2025-04-27 23:18:07.609336',26,1,26),(986,'2024-08-04 16:18:09.862947',700000,'40','2025-05-11 23:18:07.609336',22,1,26),(987,'2024-08-04 16:18:09.864084',700000,'39','2025-05-04 23:18:07.609336',60,1,26),(988,'2024-08-04 16:18:09.865208',700000,'38','2025-05-11 23:18:07.609336',35,1,26),(989,'2024-08-04 16:18:09.866796',700000,'37','2025-04-27 23:18:07.609336',49,1,26),(990,'2024-08-04 16:18:09.867817',700000,'36','2025-05-11 23:18:07.609336',59,1,26),(991,'2024-08-04 16:18:09.868803',700000,'35','2025-04-27 23:18:07.609336',38,1,26),(992,'2024-08-04 16:18:09.870809',700000,'34','2025-04-27 23:18:07.609336',89,1,26),(993,'2024-08-04 16:18:09.871813',700000,'33','2025-04-27 23:18:07.609336',2,1,26),(994,'2024-08-04 16:18:09.872809',700000,'32','2025-05-11 23:18:07.609336',100,1,26),(995,'2024-08-04 16:18:09.906060',700000,'31','2025-04-20 23:18:07.609336',67,1,26),(996,'2024-08-04 16:18:09.908311',700000,'30','2025-05-11 23:18:07.609336',66,1,26),(997,'2024-08-04 16:18:09.909310',700000,'29','2025-05-04 23:18:07.609336',23,1,26),(998,'2024-08-04 16:18:09.910311',700000,'28','2025-04-20 23:18:07.609336',45,1,26),(999,'2024-08-04 16:18:09.911311',700000,'27','2025-04-20 23:18:07.609336',56,1,26),(1000,'2024-08-04 16:18:09.913310',700000,'26','2025-04-27 23:18:07.609336',67,1,26),(1001,'2024-08-04 16:18:09.914310',700000,'25','2025-05-04 23:18:07.609336',38,1,26),(1002,'2024-08-04 16:18:09.915310',700000,'24','2025-05-04 23:18:07.609336',100,1,26),(1003,'2024-08-04 16:18:09.915310',700000,'23','2025-04-20 23:18:07.609336',83,1,26),(1004,'2024-08-04 16:18:09.916815',700000,'22','2025-04-27 23:18:07.609336',10,1,26),(1005,'2024-08-04 16:18:09.917822',700000,'21','2025-05-04 23:18:07.609336',90,1,26),(1006,'2024-08-04 16:18:09.918820',700000,'20','2025-04-20 23:18:07.609336',58,1,26),(1007,'2024-08-04 16:18:09.919820',700000,'19','2025-05-11 23:18:07.609336',15,1,26),(1008,'2024-08-04 16:18:09.920820',700000,'18','2025-04-20 23:18:07.609336',68,1,26),(1009,'2024-08-04 16:18:09.921819',700000,'17','2025-05-11 23:18:07.609336',38,1,26),(1010,'2024-08-04 16:18:09.922822',700000,'16','2025-05-11 23:18:07.609336',67,1,26),(1011,'2024-08-04 16:18:09.923820',700000,'15','2025-04-27 23:18:07.609336',29,1,26),(1012,'2024-08-04 16:18:09.925821',700000,'14','2025-05-04 23:18:07.609336',97,1,26),(1013,'2024-08-04 16:18:09.926833',700000,'13','2025-04-27 23:18:07.609336',2,1,26),(1014,'2024-08-04 16:18:09.927919',700000,'12','2025-04-27 23:18:07.609336',35,1,26),(1015,'2024-08-04 16:18:09.929917',600000,'50','2024-12-22 23:18:07.612343',35,1,27),(1016,'2024-08-04 16:18:09.931991',600000,'49','2025-01-05 23:18:07.612343',89,1,27),(1017,'2024-08-04 16:18:09.932992',600000,'48','2025-01-12 23:18:07.612343',67,1,27),(1018,'2024-08-04 16:18:09.933992',600000,'47','2025-01-05 23:18:07.612343',26,1,27),(1019,'2024-08-04 16:18:09.934994',600000,'46','2025-01-12 23:18:07.612343',47,1,27),(1020,'2024-08-04 16:18:09.935993',600000,'45','2024-12-22 23:18:07.612343',23,1,27),(1021,'2024-08-04 16:18:09.936993',600000,'44','2025-01-05 23:18:07.612343',73,1,27),(1022,'2024-08-04 16:18:09.965316',600000,'43','2025-01-05 23:18:07.612343',100,1,27),(1023,'2024-08-04 16:18:09.966916',600000,'42','2024-12-29 23:18:07.612343',47,1,27),(1024,'2024-08-04 16:18:09.969088',600000,'41','2024-12-22 23:18:07.612343',31,1,27),(1025,'2024-08-04 16:18:09.970119',600000,'40','2024-12-29 23:18:07.612343',11,1,27),(1026,'2024-08-04 16:18:09.971159',600000,'39','2024-12-29 23:18:07.612343',75,1,27),(1027,'2024-08-04 16:18:09.972189',600000,'38','2024-12-29 23:18:07.612343',60,1,27),(1028,'2024-08-04 16:18:09.973281',600000,'37','2025-01-12 23:18:07.612343',81,1,27),(1029,'2024-08-04 16:18:09.975356',600000,'36','2024-12-22 23:18:07.612343',73,1,27),(1030,'2024-08-04 16:18:09.976861',600000,'35','2025-01-12 23:18:07.612343',56,1,27),(1031,'2024-08-04 16:18:09.977866',600000,'34','2024-12-22 23:18:07.612343',60,1,27),(1032,'2024-08-04 16:18:09.978879',600000,'33','2024-12-22 23:18:07.612343',43,1,27),(1033,'2024-08-04 16:18:09.998948',600000,'32','2024-12-29 23:18:07.612343',32,1,27),(1034,'2024-08-04 16:18:10.003958',600000,'31','2025-01-05 23:18:07.612343',73,1,27),(1035,'2024-08-04 16:18:10.008101',600000,'30','2024-12-29 23:18:07.612343',60,1,27),(1036,'2024-08-04 16:18:10.010193',600000,'29','2024-12-22 23:18:07.612343',97,1,27),(1037,'2024-08-04 16:18:10.012194',600000,'28','2024-12-22 23:18:07.612343',64,1,27),(1038,'2024-08-04 16:18:10.014192',600000,'27','2024-12-22 23:18:07.612343',64,1,27),(1039,'2024-08-04 16:18:10.015191',600000,'26','2024-12-22 23:18:07.612343',33,1,27),(1040,'2024-08-04 16:18:10.016696',600000,'25','2025-01-12 23:18:07.612343',33,1,27),(1041,'2024-08-04 16:18:10.017702',600000,'24','2024-12-22 23:18:07.612343',82,1,27),(1042,'2024-08-04 16:18:10.018701',600000,'23','2025-01-05 23:18:07.612343',33,1,27),(1043,'2024-08-04 16:18:10.019702',600000,'22','2024-12-29 23:18:07.612343',10,1,27),(1044,'2024-08-04 16:18:10.020702',600000,'21','2025-01-05 23:18:07.612343',37,1,27),(1045,'2024-08-04 16:18:10.021714',600000,'20','2024-12-29 23:18:07.612343',64,1,27),(1046,'2024-08-04 16:18:10.023701',600000,'19','2025-01-05 23:18:07.612343',81,1,27),(1047,'2024-08-04 16:18:10.024701',600000,'18','2024-12-22 23:18:07.612343',31,1,27),(1048,'2024-08-04 16:18:10.025715',600000,'17','2024-12-29 23:18:07.612343',60,1,27),(1049,'2024-08-04 16:18:10.026715',600000,'16','2024-12-22 23:18:07.612343',59,1,27),(1050,'2024-08-04 16:18:10.027830',600000,'15','2024-12-29 23:18:07.612343',36,1,27),(1051,'2024-08-04 16:18:10.028831',600000,'14','2025-01-12 23:18:07.612343',43,1,27),(1052,'2024-08-04 16:18:10.029854',600000,'13','2024-12-22 23:18:07.612343',67,1,27),(1053,'2024-08-04 16:18:10.030846',600000,'12','2024-12-29 23:18:07.612343',60,1,27),(1054,'2024-08-04 16:18:10.064772',700000,'50','2025-05-25 23:18:07.614344',66,1,28),(1055,'2024-08-04 16:18:10.066876',700000,'49','2025-06-15 23:18:07.614344',59,1,28),(1056,'2024-08-04 16:18:10.069097',700000,'48','2025-06-01 23:18:07.614344',35,1,28),(1057,'2024-08-04 16:18:10.070097',700000,'47','2025-05-25 23:18:07.614344',83,1,28),(1058,'2024-08-04 16:18:10.072165',700000,'46','2025-06-01 23:18:07.614344',56,1,28),(1059,'2024-08-04 16:18:10.073171',700000,'45','2025-06-08 23:18:07.614344',47,1,28),(1060,'2024-08-04 16:18:10.074171',700000,'44','2025-05-25 23:18:07.614344',63,1,28),(1061,'2024-08-04 16:18:10.075170',700000,'43','2025-06-08 23:18:07.614344',11,1,28),(1062,'2024-08-04 16:18:10.076171',700000,'42','2025-06-15 23:18:07.614344',43,1,28),(1063,'2024-08-04 16:18:10.077171',700000,'41','2025-06-01 23:18:07.614344',82,1,28),(1064,'2024-08-04 16:18:10.078236',700000,'40','2025-06-15 23:18:07.614344',83,1,28),(1065,'2024-08-04 16:18:10.080234',700000,'39','2025-05-25 23:18:07.614344',81,1,28),(1066,'2024-08-04 16:18:10.081286',700000,'38','2025-06-15 23:18:07.614344',31,1,28),(1067,'2024-08-04 16:18:10.082308',700000,'37','2025-05-25 23:18:07.614344',63,1,28),(1068,'2024-08-04 16:18:10.083308',700000,'36','2025-05-25 23:18:07.614344',69,1,28),(1069,'2024-08-04 16:18:10.084366',700000,'35','2025-05-25 23:18:07.614344',100,1,28),(1070,'2024-08-04 16:18:10.085403',700000,'34','2025-06-01 23:18:07.614344',29,1,28),(1071,'2024-08-04 16:18:10.086910',700000,'33','2025-06-01 23:18:07.614344',64,1,28),(1072,'2024-08-04 16:18:10.087919',700000,'32','2025-06-15 23:18:07.614344',68,1,28),(1073,'2024-08-04 16:18:10.089916',700000,'31','2025-06-01 23:18:07.614344',100,1,28),(1074,'2024-08-04 16:18:10.090917',700000,'30','2025-06-01 23:18:07.614344',35,1,28),(1075,'2024-08-04 16:18:10.091943',700000,'29','2025-05-25 23:18:07.614344',76,1,28),(1076,'2024-08-04 16:18:10.092915',700000,'28','2025-06-08 23:18:07.614344',67,1,28),(1077,'2024-08-04 16:18:10.093956',700000,'27','2025-06-08 23:18:07.614344',69,1,28),(1078,'2024-08-04 16:18:10.094980',700000,'26','2025-06-15 23:18:07.614344',56,1,28),(1079,'2024-08-04 16:18:10.096986',700000,'25','2025-05-25 23:18:07.614344',90,1,28),(1080,'2024-08-04 16:18:10.098236',700000,'24','2025-06-08 23:18:07.614344',66,1,28),(1081,'2024-08-04 16:18:10.099239',700000,'23','2025-05-25 23:18:07.614344',97,1,28),(1082,'2024-08-04 16:18:10.101235',700000,'22','2025-06-01 23:18:07.614344',37,1,28),(1083,'2024-08-04 16:18:10.102239',700000,'21','2025-06-08 23:18:07.614344',60,1,28),(1084,'2024-08-04 16:18:10.130309',700000,'20','2025-06-01 23:18:07.614344',97,1,28),(1085,'2024-08-04 16:18:10.132090',700000,'19','2025-06-15 23:18:07.614344',100,1,28),(1086,'2024-08-04 16:18:10.133098',700000,'18','2025-06-15 23:18:07.614344',68,1,28),(1087,'2024-08-04 16:18:10.134348',700000,'17','2025-05-25 23:18:07.614344',37,1,28),(1088,'2024-08-04 16:18:10.135349',700000,'16','2025-05-25 23:18:07.614344',83,1,28),(1089,'2024-08-04 16:18:10.136932',700000,'15','2025-06-01 23:18:07.614344',97,1,28),(1090,'2024-08-04 16:18:10.137872',700000,'14','2025-06-15 23:18:07.614344',100,1,28),(1091,'2024-08-04 16:18:10.139872',700000,'13','2025-06-01 23:18:07.614344',64,1,28),(1092,'2024-08-04 16:18:10.140875',700000,'12','2025-06-01 23:18:07.614344',66,1,28),(1093,'2024-08-04 16:18:10.142872',700000,'50','2025-04-13 23:18:07.616853',45,1,29),(1094,'2024-08-04 16:18:10.143871',700000,'49','2025-03-30 23:18:07.616853',59,1,29),(1095,'2024-08-04 16:18:10.145881',700000,'48','2025-03-23 23:18:07.616853',89,1,29),(1096,'2024-08-04 16:18:10.146874',700000,'47','2025-04-06 23:18:07.616853',59,1,29),(1097,'2024-08-04 16:18:10.148239',700000,'46','2025-03-23 23:18:07.616853',11,1,29),(1098,'2024-08-04 16:18:10.149240',700000,'45','2025-04-06 23:18:07.616853',33,1,29),(1099,'2024-08-04 16:18:10.150238',700000,'44','2025-04-06 23:18:07.616853',89,1,29),(1100,'2024-08-04 16:18:10.152239',700000,'43','2025-03-23 23:18:07.616853',83,1,29),(1101,'2024-08-04 16:18:10.153239',700000,'42','2025-04-13 23:18:07.616853',81,1,29),(1102,'2024-08-04 16:18:10.154246',700000,'41','2025-03-23 23:18:07.616853',38,1,29),(1103,'2024-08-04 16:18:10.155253',700000,'40','2025-04-13 23:18:07.616853',96,1,29),(1104,'2024-08-04 16:18:10.156808',700000,'39','2025-04-06 23:18:07.616853',66,1,29),(1105,'2024-08-04 16:18:10.157810',700000,'38','2025-03-23 23:18:07.616853',69,1,29),(1106,'2024-08-04 16:18:10.158809',700000,'37','2025-03-23 23:18:07.616853',90,1,29),(1107,'2024-08-04 16:18:10.159814',700000,'36','2025-04-13 23:18:07.616853',2,1,29),(1108,'2024-08-04 16:18:10.160831',700000,'35','2025-03-30 23:18:07.616853',10,1,29),(1109,'2024-08-04 16:18:10.161810',700000,'34','2025-03-30 23:18:07.616853',35,1,29),(1110,'2024-08-04 16:18:10.162868',700000,'33','2025-04-13 23:18:07.616853',58,1,29),(1111,'2024-08-04 16:18:10.163887',700000,'32','2025-04-06 23:18:07.616853',90,1,29),(1112,'2024-08-04 16:18:10.164887',700000,'31','2025-03-23 23:18:07.616853',49,1,29),(1113,'2024-08-04 16:18:10.165873',700000,'30','2025-03-30 23:18:07.616853',31,1,29),(1114,'2024-08-04 16:18:10.166885',700000,'29','2025-03-23 23:18:07.616853',11,1,29),(1115,'2024-08-04 16:18:10.167966',700000,'28','2025-03-23 23:18:07.616853',29,1,29),(1116,'2024-08-04 16:18:10.168966',700000,'27','2025-04-13 23:18:07.616853',73,1,29),(1117,'2024-08-04 16:18:10.169978',700000,'26','2025-03-30 23:18:07.616853',76,1,29),(1118,'2024-08-04 16:18:10.170967',700000,'25','2025-04-06 23:18:07.616853',75,1,29),(1119,'2024-08-04 16:18:10.171967',700000,'24','2025-03-30 23:18:07.616853',29,1,29),(1120,'2024-08-04 16:18:10.172966',700000,'23','2025-03-23 23:18:07.616853',58,1,29),(1121,'2024-08-04 16:18:10.173970',700000,'22','2025-03-30 23:18:07.616853',63,1,29),(1122,'2024-08-04 16:18:10.175967',700000,'21','2025-03-30 23:18:07.616853',43,1,29),(1123,'2024-08-04 16:18:10.176966',700000,'20','2025-04-06 23:18:07.616853',10,1,29),(1124,'2024-08-04 16:18:10.176966',700000,'19','2025-03-23 23:18:07.616853',60,1,29),(1125,'2024-08-04 16:18:10.179319',700000,'18','2025-04-06 23:18:07.616853',66,1,29),(1126,'2024-08-04 16:18:10.180328',700000,'17','2025-04-13 23:18:07.616853',81,1,29),(1127,'2024-08-04 16:18:10.181308',700000,'16','2025-04-06 23:18:07.616853',36,1,29),(1128,'2024-08-04 16:18:10.182307',700000,'15','2025-03-23 23:18:07.616853',31,1,29),(1129,'2024-08-04 16:18:10.183308',700000,'14','2025-03-30 23:18:07.616853',96,1,29),(1130,'2024-08-04 16:18:10.184308',700000,'13','2025-04-06 23:18:07.616853',60,1,29),(1131,'2024-08-04 16:18:10.185308',700000,'12','2025-03-23 23:18:07.616853',10,1,29);
/*!40000 ALTER TABLE `bus_station_ticket` ENABLE KEYS */;
UNLOCK TABLES;

--
-- Table structure for table `bus_station_trip`
--

DROP TABLE IF EXISTS `bus_station_trip`;
/*!40101 SET @saved_cs_client     = @@character_set_client */;
/*!50503 SET character_set_client = utf8mb4 */;
CREATE TABLE `bus_station_trip` (
  `id` bigint NOT NULL AUTO_INCREMENT,
  `seat_price` double NOT NULL,
  `created_at` datetime(6) NOT NULL,
  `is_active` tinyint(1) NOT NULL,
  `depart_at` datetime(6) NOT NULL,
  `car_id` bigint NOT NULL,
  `route_id` bigint NOT NULL,
  PRIMARY KEY (`id`),
  UNIQUE KEY `unique_car_departAt` (`depart_at`,`car_id`),
  KEY `bus_station_trip_car_id_f668d6d1_fk_bus_station_car_id` (`car_id`),
  KEY `bus_station_trip_route_id_f080e220_fk_bus_station_route_id` (`route_id`),
  CONSTRAINT `bus_station_trip_car_id_f668d6d1_fk_bus_station_car_id` FOREIGN KEY (`car_id`) REFERENCES `bus_station_car` (`id`),
  CONSTRAINT `bus_station_trip_route_id_f080e220_fk_bus_station_route_id` FOREIGN KEY (`route_id`) REFERENCES `bus_station_route` (`id`)
) ENGINE=InnoDB AUTO_INCREMENT=30 DEFAULT CHARSET=utf8mb4 COLLATE=utf8mb4_unicode_ci;
/*!40101 SET character_set_client = @saved_cs_client */;

--
-- Dumping data for table `bus_station_trip`
--

LOCK TABLES `bus_station_trip` WRITE;
/*!40000 ALTER TABLE `bus_station_trip` DISABLE KEYS */;
INSERT INTO `bus_station_trip` VALUES (1,500000,'2024-08-04 16:18:07.522443',1,'2025-03-09 23:18:07.521451',83,1),(2,800000,'2024-08-04 16:18:07.524442',1,'2025-03-30 23:18:07.524442',34,2),(3,600000,'2024-08-04 16:18:07.526947',1,'2025-06-22 23:18:07.525442',61,3),(4,900000,'2024-08-04 16:18:07.528954',1,'2025-05-11 23:18:07.527953',14,4),(5,600000,'2024-08-04 16:18:07.530960',1,'2025-05-25 23:18:07.529961',89,5),(6,600000,'2024-08-04 16:18:07.532961',1,'2025-04-20 23:18:07.531961',85,6),(7,900000,'2024-08-04 16:18:07.565729',1,'2025-07-06 23:18:07.564730',79,7),(8,1000000,'2024-08-04 16:18:07.569265',1,'2025-01-12 23:18:07.568270',1,8),(9,900000,'2024-08-04 16:18:07.571263',1,'2025-02-09 23:18:07.571263',66,9),(10,600000,'2024-08-04 16:18:07.574263',1,'2025-03-02 23:18:07.573264',70,10),(11,800000,'2024-08-04 16:18:07.576774',1,'2025-02-02 23:18:07.575264',37,11),(12,800000,'2024-08-04 16:18:07.578789',1,'2025-05-11 23:18:07.577787',11,12),(13,1000000,'2024-08-04 16:18:07.580850',1,'2025-02-16 23:18:07.579787',20,13),(14,700000,'2024-08-04 16:18:07.582854',1,'2024-12-22 23:18:07.581855',17,14),(15,700000,'2024-08-04 16:18:07.586031',1,'2025-07-06 23:18:07.585027',58,15),(16,900000,'2024-08-04 16:18:07.587606',1,'2025-06-15 23:18:07.587031',43,16),(17,1000000,'2024-08-04 16:18:07.589687',1,'2025-05-25 23:18:07.588683',64,17),(18,500000,'2024-08-04 16:18:07.591687',1,'2025-05-18 23:18:07.591687',39,18),(19,600000,'2024-08-04 16:18:07.594687',1,'2025-01-26 23:18:07.593689',44,19),(20,600000,'2024-08-04 16:18:07.597198',1,'2025-02-09 23:18:07.595689',32,20),(21,600000,'2024-08-04 16:18:07.599208',1,'2025-02-16 23:18:07.598209',9,21),(22,900000,'2024-08-04 16:18:07.601209',1,'2025-05-11 23:18:07.600210',78,22),(23,800000,'2024-08-04 16:18:07.603724',1,'2025-06-01 23:18:07.602208',97,23),(24,800000,'2024-08-04 16:18:07.605735',1,'2025-01-26 23:18:07.604736',25,24),(25,500000,'2024-08-04 16:18:07.608260',1,'2025-03-23 23:18:07.607248',81,25),(26,700000,'2024-08-04 16:18:07.610345',1,'2025-05-25 23:18:07.609336',90,26),(27,600000,'2024-08-04 16:18:07.613343',1,'2025-01-26 23:18:07.612343',12,27),(28,700000,'2024-08-04 16:18:07.615342',1,'2025-06-29 23:18:07.614344',69,28),(29,700000,'2024-08-04 16:18:07.617867',1,'2025-04-27 23:18:07.616853',47,29);
/*!40000 ALTER TABLE `bus_station_trip` ENABLE KEYS */;
UNLOCK TABLES;

--
-- Table structure for table `bus_station_user`
--

DROP TABLE IF EXISTS `bus_station_user`;
/*!40101 SET @saved_cs_client     = @@character_set_client */;
/*!50503 SET character_set_client = utf8mb4 */;
CREATE TABLE `bus_station_user` (
  `id` bigint NOT NULL AUTO_INCREMENT,
  `username` varchar(255) COLLATE utf8mb4_unicode_ci NOT NULL,
  `first_name` varchar(255) COLLATE utf8mb4_unicode_ci NOT NULL,
  `last_name` varchar(255) COLLATE utf8mb4_unicode_ci NOT NULL,
  `password` varchar(255) COLLATE utf8mb4_unicode_ci NOT NULL,
  `email` varchar(254) COLLATE utf8mb4_unicode_ci NOT NULL,
  `phone` varchar(50) COLLATE utf8mb4_unicode_ci NOT NULL,
  `avatar` varchar(255) COLLATE utf8mb4_unicode_ci NOT NULL,
  `created_at` datetime(6) NOT NULL,
  `is_active` tinyint(1) NOT NULL,
  `role_id` bigint NOT NULL,
  PRIMARY KEY (`id`),
  UNIQUE KEY `username` (`username`),
  UNIQUE KEY `email` (`email`),
  KEY `bus_station_user_role_id_4e60cc02_fk_bus_station_role_id` (`role_id`),
  CONSTRAINT `bus_station_user_role_id_4e60cc02_fk_bus_station_role_id` FOREIGN KEY (`role_id`) REFERENCES `bus_station_role` (`id`)
) ENGINE=InnoDB AUTO_INCREMENT=101 DEFAULT CHARSET=utf8mb4 COLLATE=utf8mb4_unicode_ci;
/*!40101 SET character_set_client = @saved_cs_client */;

--
-- Dumping data for table `bus_station_user`
--

LOCK TABLES `bus_station_user` WRITE;
/*!40000 ALTER TABLE `bus_station_user` DISABLE KEYS */;
INSERT INTO `bus_station_user` VALUES (1,'hesserin','Tracey','Johnson','123','steelerichard@example.com','001-353-846-8781x40643','https://cdn.dribbble.com/users/3367729/screenshots/6393911/db_minon.jpg?resize=400x300&vertical=center','2024-08-04 23:17:59.021910',1,3),(2,'madison98','Megan','Romero','123','crawfordspencer@example.org','7742260055','https://cdn.dribbble.com/users/3367729/screenshots/6393911/db_minon.jpg?resize=400x300&vertical=center','2024-08-04 23:17:59.021910',1,1),(3,'susancooper','Meghan','Moss','123','wilkinsashley@example.com','8934460795','https://cdn.dribbble.com/users/3367729/screenshots/6393911/db_minon.jpg?resize=400x300&vertical=center','2024-08-04 23:17:59.021910',1,2),(4,'collierdiana','Katrina','Sampson','123','vincent06@example.net','001-361-532-1900x67360','https://cdn.dribbble.com/users/3367729/screenshots/6393911/db_minon.jpg?resize=400x300&vertical=center','2024-08-04 23:17:59.021910',1,2),(5,'lozanorichard','Nicole','Harris','123','barnesscott@example.net','(840)554-5732x5119','https://cdn.dribbble.com/users/3367729/screenshots/6393911/db_minon.jpg?resize=400x300&vertical=center','2024-08-04 23:17:59.021910',1,3),(6,'laurabean','Jennifer','Schneider','123','jorgereilly@example.com','(280)806-6926','https://cdn.dribbble.com/users/3367729/screenshots/6393911/db_minon.jpg?resize=400x300&vertical=center','2024-08-04 23:17:59.021910',1,3),(7,'jacqueline80','Rebecca','Perez','123','timothybarton@example.com','536.998.2885','https://cdn.dribbble.com/users/3367729/screenshots/6393911/db_minon.jpg?resize=400x300&vertical=center','2024-08-04 23:17:59.021910',1,3),(8,'pdickson','Jennifer','Alexander','123','jamesrivera@example.com','(391)636-3839','https://cdn.dribbble.com/users/3367729/screenshots/6393911/db_minon.jpg?resize=400x300&vertical=center','2024-08-04 23:17:59.021910',1,3),(9,'david20','Brittney','Solomon','123','evansthomas@example.org','8057290452','https://cdn.dribbble.com/users/3367729/screenshots/6393911/db_minon.jpg?resize=400x300&vertical=center','2024-08-04 23:17:59.021910',1,3),(10,'lisamoreno','Jerry','Espinoza','123','timothy06@example.org','(865)745-6244x19099','https://cdn.dribbble.com/users/3367729/screenshots/6393911/db_minon.jpg?resize=400x300&vertical=center','2024-08-04 23:17:59.021910',1,1),(11,'iphillips','Christopher','Dougherty','123','perezstephanie@example.org','225.787.3234x5441','https://cdn.dribbble.com/users/3367729/screenshots/6393911/db_minon.jpg?resize=400x300&vertical=center','2024-08-04 23:17:59.021910',1,1),(12,'jared82','Ashley','Coleman','123','matthew39@example.net','(705)338-9062','https://cdn.dribbble.com/users/3367729/screenshots/6393911/db_minon.jpg?resize=400x300&vertical=center','2024-08-04 23:17:59.021910',1,2),(13,'brianwarren','Brittney','Tucker','123','logan22@example.com','(688)473-7981','https://cdn.dribbble.com/users/3367729/screenshots/6393911/db_minon.jpg?resize=400x300&vertical=center','2024-08-04 23:17:59.021910',1,2),(14,'floresjamie','Aaron','Mann','123','kpratt@example.net','904.307.6807x98982','https://cdn.dribbble.com/users/3367729/screenshots/6393911/db_minon.jpg?resize=400x300&vertical=center','2024-08-04 23:17:59.021910',1,3),(15,'denise61','Breanna','Garcia','123','wallacejennifer@example.net','001-916-254-6890x506','https://cdn.dribbble.com/users/3367729/screenshots/6393911/db_minon.jpg?resize=400x300&vertical=center','2024-08-04 23:17:59.021910',1,1),(16,'tammy94','Whitney','Marks','123','georgebridget@example.com','001-944-674-9769x87277','https://cdn.dribbble.com/users/3367729/screenshots/6393911/db_minon.jpg?resize=400x300&vertical=center','2024-08-04 23:17:59.021910',1,3),(17,'qfranklin','Tracy','Woodard','123','andrewjones@example.net','730-848-0798x11427','https://cdn.dribbble.com/users/3367729/screenshots/6393911/db_minon.jpg?resize=400x300&vertical=center','2024-08-04 23:17:59.021910',1,2),(18,'iharris','Jeffrey','Thompson','123','acostamichael@example.net','+1-613-993-5845x419','https://cdn.dribbble.com/users/3367729/screenshots/6393911/db_minon.jpg?resize=400x300&vertical=center','2024-08-04 23:17:59.021910',1,3),(19,'ricky17','Kathleen','Leonard','123','omiller@example.net','(646)718-1793x2624','https://cdn.dribbble.com/users/3367729/screenshots/6393911/db_minon.jpg?resize=400x300&vertical=center','2024-08-04 23:17:59.021910',1,3),(20,'jacksonlindsay','Paula','Juarez','123','stevenperez@example.net','+1-335-942-6318','https://cdn.dribbble.com/users/3367729/screenshots/6393911/db_minon.jpg?resize=400x300&vertical=center','2024-08-04 23:17:59.021910',1,2),(21,'robertskendra','Anita','White','123','stephaniegood@example.org','(451)953-9193x86401','https://cdn.dribbble.com/users/3367729/screenshots/6393911/db_minon.jpg?resize=400x300&vertical=center','2024-08-04 23:17:59.021910',1,2),(22,'lorraineparker','Kathryn','Thomas','123','brianstafford@example.org','997.285.9901','https://cdn.dribbble.com/users/3367729/screenshots/6393911/db_minon.jpg?resize=400x300&vertical=center','2024-08-04 23:17:59.021910',1,1),(23,'justinhendrix','Lisa','Holloway','123','lisaspence@example.org','506.292.8079x43144','https://cdn.dribbble.com/users/3367729/screenshots/6393911/db_minon.jpg?resize=400x300&vertical=center','2024-08-04 23:17:59.021910',1,1),(24,'shawnjohnson','Cassandra','Osborne','123','moorejimmy@example.com','(588)228-0725','https://cdn.dribbble.com/users/3367729/screenshots/6393911/db_minon.jpg?resize=400x300&vertical=center','2024-08-04 23:17:59.021910',1,2),(25,'bholloway','Carrie','Dodson','123','danielclarke@example.org','463-889-1313x29218','https://cdn.dribbble.com/users/3367729/screenshots/6393911/db_minon.jpg?resize=400x300&vertical=center','2024-08-04 23:17:59.021910',1,2),(26,'mitchellstephanie','Samantha','Oneill','123','sfarley@example.net','001-296-656-9716','https://cdn.dribbble.com/users/3367729/screenshots/6393911/db_minon.jpg?resize=400x300&vertical=center','2024-08-04 23:17:59.021910',1,1),(27,'bautistaerin','Heidi','Morales','123','ghayes@example.org','(787)255-5394','https://cdn.dribbble.com/users/3367729/screenshots/6393911/db_minon.jpg?resize=400x300&vertical=center','2024-08-04 23:17:59.021910',1,3),(28,'ashley33','Stephen','Smith','123','lambertkayla@example.org','+1-897-788-7908x79568','https://cdn.dribbble.com/users/3367729/screenshots/6393911/db_minon.jpg?resize=400x300&vertical=center','2024-08-04 23:17:59.021910',1,3),(29,'sclay','Stephanie','Roberts','123','munozmolly@example.net','706.531.9727x573','https://cdn.dribbble.com/users/3367729/screenshots/6393911/db_minon.jpg?resize=400x300&vertical=center','2024-08-04 23:17:59.021910',1,1),(30,'christopher89','Allen','Rodriguez','123','brittanymacdonald@example.org','9758728104','https://cdn.dribbble.com/users/3367729/screenshots/6393911/db_minon.jpg?resize=400x300&vertical=center','2024-08-04 23:17:59.021910',1,2),(31,'holly52','Jamie','Archer','123','marywhite@example.net','842-621-8654x1574','https://cdn.dribbble.com/users/3367729/screenshots/6393911/db_minon.jpg?resize=400x300&vertical=center','2024-08-04 23:17:59.021910',1,1),(32,'gomezvictoria','Benjamin','Dickson','123','ihopkins@example.net','519.392.6017','https://cdn.dribbble.com/users/3367729/screenshots/6393911/db_minon.jpg?resize=400x300&vertical=center','2024-08-04 23:17:59.021910',1,1),(33,'mmartin','Jill','Martin','123','john67@example.org','356.438.8250','https://cdn.dribbble.com/users/3367729/screenshots/6393911/db_minon.jpg?resize=400x300&vertical=center','2024-08-04 23:17:59.021910',1,1),(34,'paul61','Kyle','Stafford','123','lopezcorey@example.com','001-547-374-4385','https://cdn.dribbble.com/users/3367729/screenshots/6393911/db_minon.jpg?resize=400x300&vertical=center','2024-08-04 23:17:59.021910',1,3),(35,'danielmendoza','Brandon','Carroll','123','bakerdavid@example.org','688.243.8742','https://cdn.dribbble.com/users/3367729/screenshots/6393911/db_minon.jpg?resize=400x300&vertical=center','2024-08-04 23:17:59.021910',1,1),(36,'zhale','Shelia','Mcdaniel','123','littlesteven@example.com','001-309-566-2631','https://cdn.dribbble.com/users/3367729/screenshots/6393911/db_minon.jpg?resize=400x300&vertical=center','2024-08-04 23:17:59.021910',1,1),(37,'pagekelly','Kyle','Hanson','123','qjones@example.net','560.861.4790x1428','https://cdn.dribbble.com/users/3367729/screenshots/6393911/db_minon.jpg?resize=400x300&vertical=center','2024-08-04 23:17:59.021910',1,1),(38,'ashley45','Patricia','Noble','123','austincain@example.net','(903)339-5775x1791','https://cdn.dribbble.com/users/3367729/screenshots/6393911/db_minon.jpg?resize=400x300&vertical=center','2024-08-04 23:17:59.021910',1,1),(39,'tiffany33','Karen','Bowen','123','pattersoncaleb@example.net','574-462-1784x34237','https://cdn.dribbble.com/users/3367729/screenshots/6393911/db_minon.jpg?resize=400x300&vertical=center','2024-08-04 23:17:59.021910',1,2),(40,'jstewart','Victoria','Miller','123','kristimarks@example.org','9312278038','https://cdn.dribbble.com/users/3367729/screenshots/6393911/db_minon.jpg?resize=400x300&vertical=center','2024-08-04 23:17:59.021910',1,3),(41,'villamatthew','Jade','Campos','123','amandasmith@example.com','+1-521-664-8779x38037','https://cdn.dribbble.com/users/3367729/screenshots/6393911/db_minon.jpg?resize=400x300&vertical=center','2024-08-04 23:17:59.021910',1,3),(42,'cynthiahernandez','Debra','Warren','123','sgriffith@example.com','9236612004','https://cdn.dribbble.com/users/3367729/screenshots/6393911/db_minon.jpg?resize=400x300&vertical=center','2024-08-04 23:17:59.021910',1,2),(43,'tjohnson','Jessica','Vaughn','123','burgesszachary@example.org','+1-234-804-9313x7932','https://cdn.dribbble.com/users/3367729/screenshots/6393911/db_minon.jpg?resize=400x300&vertical=center','2024-08-04 23:17:59.021910',1,1),(44,'cheryl56','Karen','Barnett','123','adrian01@example.org','246-956-4656','https://cdn.dribbble.com/users/3367729/screenshots/6393911/db_minon.jpg?resize=400x300&vertical=center','2024-08-04 23:17:59.021910',1,2),(45,'dbates','Suzanne','Sloan','123','vincent93@example.net','501.494.7858x8912','https://cdn.dribbble.com/users/3367729/screenshots/6393911/db_minon.jpg?resize=400x300&vertical=center','2024-08-04 23:17:59.021910',1,1),(46,'chadsharp','Mitchell','Rogers','123','lauren07@example.net','+1-930-803-9451x45806','https://cdn.dribbble.com/users/3367729/screenshots/6393911/db_minon.jpg?resize=400x300&vertical=center','2024-08-04 23:17:59.021910',1,2),(47,'jasmin11','Amanda','Ray','123','rebecca66@example.com','(578)570-7217x627','https://cdn.dribbble.com/users/3367729/screenshots/6393911/db_minon.jpg?resize=400x300&vertical=center','2024-08-04 23:17:59.021910',1,1),(48,'jacksongabrielle','Sean','Wallace','123','deniseferguson@example.com','302.877.6998x72731','https://cdn.dribbble.com/users/3367729/screenshots/6393911/db_minon.jpg?resize=400x300&vertical=center','2024-08-04 23:17:59.021910',1,2),(49,'rileygregg','Amanda','Jackson','123','bparker@example.org','217.898.2829','https://cdn.dribbble.com/users/3367729/screenshots/6393911/db_minon.jpg?resize=400x300&vertical=center','2024-08-04 23:17:59.021910',1,1),(50,'mike58','Jesse','Ryan','123','jirwin@example.net','726.957.3626x01991','https://cdn.dribbble.com/users/3367729/screenshots/6393911/db_minon.jpg?resize=400x300&vertical=center','2024-08-04 23:17:59.021910',1,2),(51,'franklincheryl','Bryan','Weaver','123','karenhickman@example.com','(924)843-9201x099','https://cdn.dribbble.com/users/3367729/screenshots/6393911/db_minon.jpg?resize=400x300&vertical=center','2024-08-04 23:17:59.021910',1,3),(52,'simongary','Ashley','Hess','123','ronnievelasquez@example.org','(584)697-9643','https://cdn.dribbble.com/users/3367729/screenshots/6393911/db_minon.jpg?resize=400x300&vertical=center','2024-08-04 23:17:59.021910',1,3),(53,'justinpeterson','Eric','Montoya','123','andrew67@example.org','+1-349-268-0240x74534','https://cdn.dribbble.com/users/3367729/screenshots/6393911/db_minon.jpg?resize=400x300&vertical=center','2024-08-04 23:17:59.021910',1,2),(54,'vickimartinez','Frank','Larson','123','jennajones@example.com','(458)540-0689x744','https://cdn.dribbble.com/users/3367729/screenshots/6393911/db_minon.jpg?resize=400x300&vertical=center','2024-08-04 23:17:59.021910',1,2),(55,'jesse75','Samuel','Anderson','123','kimberlygarcia@example.org','8774861645','https://cdn.dribbble.com/users/3367729/screenshots/6393911/db_minon.jpg?resize=400x300&vertical=center','2024-08-04 23:17:59.021910',1,3),(56,'brownamy','Martin','Jones','123','jmatthews@example.org','+1-659-924-5306x73589','https://cdn.dribbble.com/users/3367729/screenshots/6393911/db_minon.jpg?resize=400x300&vertical=center','2024-08-04 23:17:59.021910',1,1),(57,'duncankatherine','Teresa','Hurley','123','megan95@example.org','7648626395','https://cdn.dribbble.com/users/3367729/screenshots/6393911/db_minon.jpg?resize=400x300&vertical=center','2024-08-04 23:17:59.021910',1,2),(58,'prodriguez','William','Skinner','123','hsandoval@example.com','001-229-891-0088x14962','https://cdn.dribbble.com/users/3367729/screenshots/6393911/db_minon.jpg?resize=400x300&vertical=center','2024-08-04 23:17:59.021910',1,1),(59,'carlsonsteven','Daryl','Williamson','123','lauren98@example.org','001-893-534-8280','https://cdn.dribbble.com/users/3367729/screenshots/6393911/db_minon.jpg?resize=400x300&vertical=center','2024-08-04 23:17:59.021910',1,1),(60,'paul54','Edward','Richardson','123','warezachary@example.org','(550)720-8187x391','https://cdn.dribbble.com/users/3367729/screenshots/6393911/db_minon.jpg?resize=400x300&vertical=center','2024-08-04 23:17:59.021910',1,1),(61,'paul37','Robert','Bridges','123','fherrera@example.org','490-411-1969x4340','https://cdn.dribbble.com/users/3367729/screenshots/6393911/db_minon.jpg?resize=400x300&vertical=center','2024-08-04 23:17:59.021910',1,3),(62,'mariacasey','Belinda','Fields','123','moraleschristine@example.com','+1-703-383-2572x25844','https://cdn.dribbble.com/users/3367729/screenshots/6393911/db_minon.jpg?resize=400x300&vertical=center','2024-08-04 23:17:59.021910',1,3),(63,'smithmichael','Richard','West','123','gilmorejohn@example.org','+1-769-487-3039x7039','https://cdn.dribbble.com/users/3367729/screenshots/6393911/db_minon.jpg?resize=400x300&vertical=center','2024-08-04 23:17:59.021910',1,1),(64,'sarah92','Malik','Carney','123','james85@example.org','(405)343-4064x81861','https://cdn.dribbble.com/users/3367729/screenshots/6393911/db_minon.jpg?resize=400x300&vertical=center','2024-08-04 23:17:59.021910',1,1),(65,'grahamjennifer','Anthony','Watson','123','twilliams@example.com','(690)359-5242x19755','https://cdn.dribbble.com/users/3367729/screenshots/6393911/db_minon.jpg?resize=400x300&vertical=center','2024-08-04 23:17:59.021910',1,2),(66,'kellykatelyn','Mary','Bryant','123','brenda62@example.net','(931)698-3342','https://cdn.dribbble.com/users/3367729/screenshots/6393911/db_minon.jpg?resize=400x300&vertical=center','2024-08-04 23:17:59.021910',1,1),(67,'uarnold','Justin','Hunt','123','crystaldunn@example.com','757-366-7970','https://cdn.dribbble.com/users/3367729/screenshots/6393911/db_minon.jpg?resize=400x300&vertical=center','2024-08-04 23:17:59.021910',1,1),(68,'keytodd','Vanessa','Mcfarland','123','jackiemartin@example.org','001-401-470-9556x74178','https://cdn.dribbble.com/users/3367729/screenshots/6393911/db_minon.jpg?resize=400x300&vertical=center','2024-08-04 23:17:59.021910',1,1),(69,'andrew13','Jerry','Hanson','123','gbrown@example.com','(709)390-5195','https://cdn.dribbble.com/users/3367729/screenshots/6393911/db_minon.jpg?resize=400x300&vertical=center','2024-08-04 23:17:59.021910',1,1),(70,'jennifer39','Timothy','Cuevas','123','ortizdaniel@example.net','7558558777','https://cdn.dribbble.com/users/3367729/screenshots/6393911/db_minon.jpg?resize=400x300&vertical=center','2024-08-04 23:17:59.021910',1,3),(71,'dcooper','Robert','Hernandez','123','scottteresa@example.org','+1-456-975-9580x387','https://cdn.dribbble.com/users/3367729/screenshots/6393911/db_minon.jpg?resize=400x300&vertical=center','2024-08-04 23:17:59.021910',1,3),(72,'sjones','Crystal','Stanley','123','rebeccaphelps@example.net','333.420.5385','https://cdn.dribbble.com/users/3367729/screenshots/6393911/db_minon.jpg?resize=400x300&vertical=center','2024-08-04 23:17:59.021910',1,3),(73,'jacksonamy','Olivia','Francis','123','sflores@example.com','568.442.5826','https://cdn.dribbble.com/users/3367729/screenshots/6393911/db_minon.jpg?resize=400x300&vertical=center','2024-08-04 23:17:59.021910',1,1),(74,'catherinedavila','Doris','Calderon','123','darrenhamilton@example.com','001-231-486-0610x781','https://cdn.dribbble.com/users/3367729/screenshots/6393911/db_minon.jpg?resize=400x300&vertical=center','2024-08-04 23:17:59.021910',1,2),(75,'acevedojonathan','Ryan','Holland','123','campbellclaudia@example.net','6522368350','https://cdn.dribbble.com/users/3367729/screenshots/6393911/db_minon.jpg?resize=400x300&vertical=center','2024-08-04 23:17:59.021910',1,1),(76,'debra63','Benjamin','Kerr','123','rjames@example.net','801.345.7025x8434','https://cdn.dribbble.com/users/3367729/screenshots/6393911/db_minon.jpg?resize=400x300&vertical=center','2024-08-04 23:17:59.021910',1,1),(77,'djackson','Sharon','Barker','123','vfrederick@example.com','809.756.0644','https://cdn.dribbble.com/users/3367729/screenshots/6393911/db_minon.jpg?resize=400x300&vertical=center','2024-08-04 23:17:59.021910',1,2),(78,'brentwilliams','Katie','Hernandez','123','turnertheresa@example.com','791.628.3604x8581','https://cdn.dribbble.com/users/3367729/screenshots/6393911/db_minon.jpg?resize=400x300&vertical=center','2024-08-04 23:17:59.021910',1,2),(79,'codyadams','Devin','Graham','123','barnettpeggy@example.com','+1-367-896-4101','https://cdn.dribbble.com/users/3367729/screenshots/6393911/db_minon.jpg?resize=400x300&vertical=center','2024-08-04 23:17:59.021910',1,2),(80,'benitezashley','Christina','Short','123','miguel20@example.org','936.645.7064x221','https://cdn.dribbble.com/users/3367729/screenshots/6393911/db_minon.jpg?resize=400x300&vertical=center','2024-08-04 23:17:59.021910',1,3),(81,'timothy92','Amy','Francis','123','dillonanderson@example.com','614.626.6999','https://cdn.dribbble.com/users/3367729/screenshots/6393911/db_minon.jpg?resize=400x300&vertical=center','2024-08-04 23:17:59.021910',1,1),(82,'alitracy','Matthew','Jackson','123','trose@example.org','2492934705','https://cdn.dribbble.com/users/3367729/screenshots/6393911/db_minon.jpg?resize=400x300&vertical=center','2024-08-04 23:17:59.021910',1,1),(83,'davismichelle','Nicholas','Thomas','123','xsnow@example.net','507.965.6608x659','https://cdn.dribbble.com/users/3367729/screenshots/6393911/db_minon.jpg?resize=400x300&vertical=center','2024-08-04 23:17:59.021910',1,1),(84,'armstrongkenneth','Megan','Hughes','123','raymondgordon@example.com','001-425-220-5708x808','https://cdn.dribbble.com/users/3367729/screenshots/6393911/db_minon.jpg?resize=400x300&vertical=center','2024-08-04 23:17:59.021910',1,3),(85,'rbrock','Mark','Henderson','123','teresafreeman@example.org','+1-795-946-8258x0066','https://cdn.dribbble.com/users/3367729/screenshots/6393911/db_minon.jpg?resize=400x300&vertical=center','2024-08-04 23:17:59.021910',1,2),(86,'garciajoshua','Melissa','Cole','123','vwaller@example.com','001-585-742-2800','https://cdn.dribbble.com/users/3367729/screenshots/6393911/db_minon.jpg?resize=400x300&vertical=center','2024-08-04 23:17:59.021910',1,3),(87,'sotorobert','Timothy','Gutierrez','123','trose@example.net','001-488-614-3866x4087','https://cdn.dribbble.com/users/3367729/screenshots/6393911/db_minon.jpg?resize=400x300&vertical=center','2024-08-04 23:17:59.021910',1,3),(88,'smithwilliam','Ashley','Brooks','123','yconner@example.net','572.909.5088','https://cdn.dribbble.com/users/3367729/screenshots/6393911/db_minon.jpg?resize=400x300&vertical=center','2024-08-04 23:17:59.021910',1,2),(89,'ugilmore','Amber','Lowe','123','caseythornton@example.org','2409896080','https://cdn.dribbble.com/users/3367729/screenshots/6393911/db_minon.jpg?resize=400x300&vertical=center','2024-08-04 23:17:59.021910',1,1),(90,'pacerichard','Lauren','King','123','johngarrett@example.com','001-671-631-8407','https://cdn.dribbble.com/users/3367729/screenshots/6393911/db_minon.jpg?resize=400x300&vertical=center','2024-08-04 23:17:59.021910',1,1),(91,'hwoods','Lonnie','Carson','123','ericagarcia@example.com','880.621.5732x102','https://cdn.dribbble.com/users/3367729/screenshots/6393911/db_minon.jpg?resize=400x300&vertical=center','2024-08-04 23:17:59.021910',1,2),(92,'pamela15','Erin','Reed','123','andreaprice@example.net','299.945.6090x90475','https://cdn.dribbble.com/users/3367729/screenshots/6393911/db_minon.jpg?resize=400x300&vertical=center','2024-08-04 23:17:59.021910',1,3),(93,'morganelizabeth','Tony','Bullock','123','wendyhughes@example.org','+1-286-584-0360x83539','https://cdn.dribbble.com/users/3367729/screenshots/6393911/db_minon.jpg?resize=400x300&vertical=center','2024-08-04 23:17:59.021910',1,3),(94,'hjohnson','Jeremy','Warren','123','eugenemanning@example.org','552.857.7357','https://cdn.dribbble.com/users/3367729/screenshots/6393911/db_minon.jpg?resize=400x300&vertical=center','2024-08-04 23:17:59.021910',1,2),(95,'mosleyjeffrey','Jeremy','Miller','123','sarah21@example.org','001-914-777-3936x74922','https://cdn.dribbble.com/users/3367729/screenshots/6393911/db_minon.jpg?resize=400x300&vertical=center','2024-08-04 23:17:59.021910',1,2),(96,'zrivas','Miguel','Wilson','123','shahjonathan@example.com','+1-965-784-3592','https://cdn.dribbble.com/users/3367729/screenshots/6393911/db_minon.jpg?resize=400x300&vertical=center','2024-08-04 23:17:59.021910',1,1),(97,'christopher97','Gary','Henderson','123','brian30@example.com','860-304-1327','https://cdn.dribbble.com/users/3367729/screenshots/6393911/db_minon.jpg?resize=400x300&vertical=center','2024-08-04 23:17:59.021910',1,1),(98,'alexandrasimpson','Christine','Archer','123','gutierrezrebecca@example.com','001-444-348-2115x101','https://cdn.dribbble.com/users/3367729/screenshots/6393911/db_minon.jpg?resize=400x300&vertical=center','2024-08-04 23:17:59.021910',1,2),(99,'bbutler','Tim','Marshall','123','eharris@example.com','(750)423-3370','https://cdn.dribbble.com/users/3367729/screenshots/6393911/db_minon.jpg?resize=400x300&vertical=center','2024-08-04 23:17:59.021910',1,2),(100,'sullivanwayne','Anthony','King','123','maynardbrittney@example.org','393.540.0487x718','https://cdn.dribbble.com/users/3367729/screenshots/6393911/db_minon.jpg?resize=400x300&vertical=center','2024-08-04 23:17:59.021910',1,1);
/*!40000 ALTER TABLE `bus_station_user` ENABLE KEYS */;
UNLOCK TABLES;
/*!40103 SET TIME_ZONE=@OLD_TIME_ZONE */;

/*!40101 SET SQL_MODE=@OLD_SQL_MODE */;
/*!40014 SET FOREIGN_KEY_CHECKS=@OLD_FOREIGN_KEY_CHECKS */;
/*!40014 SET UNIQUE_CHECKS=@OLD_UNIQUE_CHECKS */;
/*!40101 SET CHARACTER_SET_CLIENT=@OLD_CHARACTER_SET_CLIENT */;
/*!40101 SET CHARACTER_SET_RESULTS=@OLD_CHARACTER_SET_RESULTS */;
/*!40101 SET COLLATION_CONNECTION=@OLD_COLLATION_CONNECTION */;
/*!40111 SET SQL_NOTES=@OLD_SQL_NOTES */;

-- Dump completed on 2024-08-04 23:19:58
